doctor_name,hospital_name,phone_number,email,specialty,state,county_name
Jennifer Lang,MT Health System,(214) 242-8188,jeremy07@example.org,Neurology,MT,Park
Kimberly Bennett,WI Baptist Medical,(042) 727-5152,andersonjoseph@example.org,Gastroenterology,WI,Ashland
Michael Robbins,WY General,(263) 549-8236,julia02@example.com,Pediatrics,WY,Natrona
Elizabeth Zimmerman,Fergus Medical Center,(986) 657-3315,hannah05@example.net,Pediatrics,MT,Fergus
Leslie Hartman,MT Baptist Medical,(052) 944-6027,sheena17@example.org,Pediatrics,MT,Richland
Jessica Payne,Clarke Medical Center,(870) 830-6511,fowlerjose@example.org,Cardiology,AL,Clarke
April Murphy,AL Community,(360) 967-7821,staceydunn@example.org,Pulmonology,AL,Lamar
Charles Hodges,Saint Paul Medical,(910) 408-8366,ilara@example.net,Orthopedics,AL,Franklin
Kimberly Gomez,Big Horn Presbyterian Medical,(984) 815-4485,iwoods@example.com,Psychiatry,WY,Big Horn
Stefanie Bowers,Talladega General,(387) 556-1011,christineruiz@example.com,Dermatology,AL,Talladega
Donald Lewis,Toole Health System,(034) 636-5538,christophermay@example.net,Gastroenterology,MT,Toole
Matthew Stark,WI General,(889) 229-2607,waynewilliams@example.net,Neurology,WI,Sawyer
Monique Morris,Taylor General,(140) 702-5005,mirandarichard@example.com,Orthopedics,WI,Taylor
Matthew Gallegos,Cheshire Regional,(169) 611-6677,xstephens@example.net,Neurology,NH,Cheshire
Brian Miller,WY Health System,(902) 633-8381,owatson@example.com,Pediatrics,WY,Fremont
Meredith Reeves,Barbour Regional,(274) 104-5953,spatton@example.org,Pulmonology,AL,Barbour
Katie Wilson,Fergus Regional,(561) 761-1189,trevor21@example.com,Dermatology,MT,Fergus
Brenda Smith MD,Strafford Presbyterian Medical,(125) 456-3838,lopezdesiree@example.org,Cardiology,NH,Strafford
Paul Warren,Saint Francis Medical,(034) 797-3612,ricetami@example.com,Oncology,NH,Rockingham
Joshua Gallagher,Jackson Health System,(208) 882-4649,sarahsantiago@example.org,Pulmonology,WI,Jackson
Danielle Waters,Saint Joseph Medical,(662) 524-8239,williamsangela@example.org,Oncology,AL,Henry
Adam Pineda,Summit Memorial,(906) 000-9438,smithkimberly@example.org,Pediatrics,OH,Summit
Ashley Richardson,Adams Memorial,(537) 393-4649,victoriamills@example.net,Pulmonology,WI,Adams
Amanda Riley,AL Community,(700) 283-9919,charlespruitt@example.net,Oncology,AL,Cullman
Jorge Mullins,NH Memorial,(085) 948-6054,leepatricia@example.net,Gastroenterology,NH,Cheshire
Steven Mcguire,Price Health System,(266) 326-3904,phumphrey@example.com,Neurology,WI,Price
William Garcia,Chambers Presbyterian Medical,(286) 185-7336,blaketerri@example.org,Cardiology,AL,Chambers
Alexandra Ramirez,Natrona Health System,(099) 517-5664,nancyhooper@example.org,Neurology,WY,Natrona
Jonathan Murray,Saint Paul Medical,(151) 533-0517,sandyvaldez@example.com,Orthopedics,NH,Strafford
David Ward,Wayne University Medical,(475) 133-8609,wwarren@example.net,Dermatology,OH,Wayne
Shannon Horton,Pike Memorial,(083) 043-3332,lee89@example.org,Endocrinology,AL,Pike
Katherine Hill,MT Memorial,(970) 655-1652,jeffrey40@example.org,Pediatrics,MT,Yellowstone
Cindy Harris,Fergus Regional,(796) 526-5022,reynoldsleonard@example.net,Gastroenterology,MT,Fergus
Dylan Garcia,MT Health System,(830) 476-1316,bill43@example.com,Oncology,MT,Phillips
William Douglas,MT Memorial,(013) 840-9947,afuller@example.org,Orthopedics,MT,Missoula
Riley Lamb,AL Regional,(309) 104-9418,vwilliams@example.net,Psychiatry,AL,Baldwin
Christopher Rowland,Coos Medical Center,(637) 756-9787,charles29@example.com,Oncology,NH,Coos
Jackson Turner,WI Regional,(935) 729-3625,marcus91@example.net,Orthopedics,WI,Dunn
Mr. Michael Gregory DDS,MT Community,(885) 052-5736,eileen63@example.net,Endocrinology,MT,Wibaux
Jessica Park,WY Medical Center,(403) 178-9624,gomezkimberly@example.com,Dermatology,WY,Sheridan
Bradley Taylor,Goshen University Medical,(167) 436-1408,vmccormick@example.org,Oncology,WY,Goshen
Christina Reynolds,WY Community,(351) 938-6287,brandy92@example.net,Oncology,WY,Platte
Christina Jones,Waushara Health System,(501) 500-8475,williamsbarbara@example.org,Neurology,WI,Waushara
Kevin Marquez,Campbell University Medical,(373) 870-8850,kevin33@example.org,Oncology,WY,Campbell
Luis Liu,Sublette Baptist Medical,(371) 253-2828,rodneybruce@example.org,Gastroenterology,WY,Sublette
Maria Flores,WY University Medical,(487) 747-6012,victoria35@example.com,Dermatology,WY,Carbon
David Moyer,WY Community,(536) 025-4280,thudson@example.com,Cardiology,WY,Crook
Martha Fernandez,Summit Community,(207) 167-2971,iwatson@example.com,Cardiology,OH,Summit
Brandon Mack,WY General,(634) 599-4875,antoniocarrillo@example.net,Neurology,WY,Washakie
Joseph Summers,MT Regional,(930) 588-1309,christinethompson@example.net,Cardiology,MT,Powell
John Chan,Park University Medical,(927) 466-7578,pvaughn@example.org,Orthopedics,WY,Park
Mr. Derek Anderson,Holmes Presbyterian Medical,(566) 801-9951,mezaanthony@example.com,Cardiology,OH,Holmes
Ashley Alvarado,Saint Joseph Medical,(582) 627-7670,jacqueline06@example.com,Endocrinology,MT,Hill
Andrew Webb,WY Presbyterian Medical,(426) 320-8653,gregory75@example.net,Neurology,WY,Albany
Bradley Frederick,Tuscarawas Health System,(417) 124-7416,devinkelly@example.org,Cardiology,OH,Tuscarawas
Teresa Cardenas,Holmes University Medical,(637) 683-0480,susan78@example.org,Endocrinology,OH,Holmes
Melissa Hamilton,Randolph Community,(844) 889-7789,torresjennifer@example.org,Pediatrics,AL,Randolph
Robert Green,WI University Medical,(941) 619-2824,gfarmer@example.com,Cardiology,WI,Pepin
Terri White,Holmes Memorial,(852) 383-2169,powellbrian@example.com,Neurology,OH,Holmes
Lee Fields,Albany Health System,(944) 662-7741,rebecca67@example.net,Dermatology,WY,Albany
Melissa Tran,WY Medical Center,(122) 322-6641,paula60@example.com,Gastroenterology,WY,Niobrara
Jennifer Smith,NH Medical Center,(879) 780-5025,lindathompson@example.com,Gastroenterology,NH,Coos
Brittany Ryan,OH Memorial,(521) 858-7409,patriciabonilla@example.net,Endocrinology,OH,Holmes
Michelle Lewis,WY Regional,(114) 286-0821,susan45@example.org,Gastroenterology,WY,Washakie
Anna Smith,Stark Medical Center,(684) 733-5200,toni87@example.com,Neurology,OH,Stark
Valerie Ramirez,OH Health System,(612) 433-9828,moorebrandon@example.org,Endocrinology,OH,Carroll
Cassandra Hawkins,Taylor Baptist Medical,(915) 376-9354,uscott@example.com,Psychiatry,WI,Taylor
Elizabeth Miller,Roosevelt Medical Center,(678) 214-8481,sandovalgerald@example.com,Pulmonology,MT,Roosevelt
Derrick Calderon,Dodge Presbyterian Medical,(436) 108-9103,davidjames@example.org,Neurology,WI,Dodge
Jordan Henderson,Coosa Community,(066) 778-1423,heatherbray@example.org,Orthopedics,AL,Coosa
Erik Hart,Summit Health System,(215) 059-2183,jessicaharris@example.net,Endocrinology,OH,Summit
Ruth Rowland,Petroleum General,(141) 788-0472,steve34@example.net,Neurology,MT,Petroleum
Lori Parsons,MT Memorial,(352) 973-7714,garrettdonna@example.net,Endocrinology,MT,Flathead
Jennifer Lozano,Wayne Baptist Medical,(236) 337-1894,douglaskevin@example.net,Neurology,OH,Wayne
James Kane,Bibb University Medical,(327) 335-1655,laralaura@example.net,Neurology,AL,Bibb
Rebecca Weaver,AL Community,(280) 600-5873,johnsonrhonda@example.org,Dermatology,AL,Tuscaloosa
Jeffery Diaz,NH Community,(447) 644-4606,kimberly13@example.net,Dermatology,NH,Hillsborough
Lee Mathis,MT Presbyterian Medical,(175) 282-9263,joangarcia@example.org,Orthopedics,MT,Sheridan
Timothy Hernandez,Etowah University Medical,(414) 720-8812,garrettjason@example.com,Oncology,AL,Etowah
William Phillips,AL Baptist Medical,(534) 962-8916,eric76@example.com,Psychiatry,AL,Choctaw
Melissa Livingston,Lauderdale Health System,(961) 693-3623,goldenbelinda@example.net,Endocrinology,AL,Lauderdale
Travis Raymond,Montgomery Medical Center,(298) 159-4711,jerrytaylor@example.net,Neurology,AL,Montgomery
Jean Santana,Mccone Memorial,(111) 298-7273,davidwarren@example.net,Cardiology,MT,Mccone
Phyllis Morris,WY Community,(928) 802-2544,andrew19@example.net,Gastroenterology,WY,Niobrara
Andrew Morrison,Belknap Health System,(685) 590-7180,michael25@example.com,Dermatology,NH,Belknap
William Baker,Wayne Community,(178) 253-0470,amy77@example.net,Cardiology,OH,Wayne
Laura Diaz,Marshall General,(273) 978-0154,llee@example.org,Psychiatry,AL,Marshall
Eric Herman,AL General,(957) 684-5646,maryscott@example.org,Orthopedics,AL,Marion
Katherine Brown,AL Presbyterian Medical,(612) 634-2185,fmann@example.org,Cardiology,AL,Bibb
Corey Wong III,MT Presbyterian Medical,(067) 087-0835,diazmakayla@example.com,Endocrinology,MT,Fergus
Kenneth Rodriguez,Carroll Medical Center,(251) 855-4494,dustin47@example.org,Oncology,OH,Carroll
John Gonzalez,Menominee Memorial,(229) 210-7878,mitchellelizabeth@example.org,Pulmonology,WI,Menominee
Bonnie Carter,WI Memorial,(658) 514-6557,zdixon@example.org,Oncology,WI,Price
Lisa Pope,NH Community,(351) 827-8064,ahaley@example.net,Oncology,NH,Rockingham
Anthony Williams,MT Presbyterian Medical,(297) 661-0247,aliciajohnson@example.org,Oncology,MT,Silver Bow
Jackie Brown,AL University Medical,(087) 126-8267,rebecca54@example.com,Pediatrics,AL,Cullman
Chelsea Lin,MT Community,(164) 688-2375,barnettfernando@example.com,Pediatrics,MT,Judith Basin
Carla Brooks,Carroll Community,(424) 090-3139,brian16@example.org,Gastroenterology,NH,Carroll
Christy Jenkins,Saint Mary Medical,(933) 057-3998,danielvelazquez@example.com,Oncology,OH,Wayne
Linda Gutierrez,Saint Mary Medical,(349) 574-4416,tammyanderson@example.net,Psychiatry,MT,Sanders
Vickie Ellis,Natrona Health System,(903) 295-5086,dillonkara@example.net,Psychiatry,WY,Natrona
Michael Johnson,Lincoln Health System,(589) 087-4835,tammy92@example.com,Psychiatry,MT,Lincoln
Brandon Moran,MT Health System,(069) 825-0276,debrarosales@example.org,Dermatology,MT,Blaine
Carlos Thomas,Saint Paul Medical,(019) 749-2827,christina61@example.net,Pulmonology,WI,Marathon
John Spencer,Saint Peter Medical,(475) 556-2245,juanchambers@example.org,Neurology,WY,Campbell
Misty Hunter,NH Presbyterian Medical,(120) 474-9234,michaelayers@example.net,Endocrinology,NH,Hillsborough
Richard Campbell,NH Presbyterian Medical,(180) 647-5884,amanda14@example.com,Dermatology,NH,Merrimack
Melinda Haas,WI Presbyterian Medical,(675) 617-4872,deborahsmith@example.org,Endocrinology,WI,Clark
James Mccoy,OH Regional,(604) 945-9864,kimberlythomas@example.org,Dermatology,OH,Stark
Megan Nguyen,Geneva Medical Center,(916) 858-9481,johndavis@example.org,Orthopedics,AL,Geneva
Wanda Boone,MT Presbyterian Medical,(463) 725-5448,espears@example.net,Orthopedics,MT,Roosevelt
Corey Leonard,OH University Medical,(043) 646-6560,davidanderson@example.org,Pediatrics,OH,Carroll
Nicole Mendoza,Langlade Memorial,(699) 291-1725,melissasolis@example.net,Psychiatry,WI,Langlade
Dakota Valentine,Washington Regional,(042) 466-5181,daniel92@example.com,Endocrinology,AL,Washington
Danielle Mercer,WY Community,(511) 929-1720,tonymoore@example.org,Pediatrics,WY,Carbon
Mr. Shawn Sullivan,Juneau Regional,(746) 521-7404,fhayes@example.com,Pulmonology,WI,Juneau
Mr. Kyle Simpson,WI Regional,(288) 327-2650,caroline32@example.com,Endocrinology,WI,Trempealeau
Tina Decker,NH Community,(535) 408-7688,hollyjarvis@example.net,Cardiology,NH,Grafton
Stephen Scott,WY Community,(832) 903-1022,john20@example.org,Orthopedics,WY,Lincoln
Ashley Grimes,Daniels Community,(208) 299-2174,francisco69@example.org,Oncology,MT,Daniels
Brett Gomez,Lowndes General,(769) 411-1833,vasquezkristopher@example.net,Neurology,AL,Lowndes
Gordon Hamilton,Carroll Medical Center,(419) 819-8589,sarah90@example.net,Cardiology,OH,Carroll
Theresa Smith,Treasure Presbyterian Medical,(336) 001-5899,abrown@example.org,Pulmonology,MT,Treasure
Julie Griffin,Coos Baptist Medical,(298) 337-0537,ginagarza@example.org,Gastroenterology,NH,Coos
Jonathan Hernandez,WY Regional,(017) 109-4675,dianamorris@example.net,Endocrinology,WY,Washakie
Kyle Wilson,NH General,(146) 832-2874,mmarshall@example.com,Pulmonology,NH,Cheshire
Justin Perkins,WY Medical Center,(150) 095-0366,vdavenport@example.com,Pulmonology,WY,Teton
Julie Burnett,AL Medical Center,(703) 019-2727,julia04@example.org,Orthopedics,AL,Chambers
John Mendez,Rockingham Memorial,(313) 458-5503,carremily@example.com,Gastroenterology,NH,Rockingham
Jeremy Owens,AL Memorial,(581) 398-5397,james77@example.org,Dermatology,AL,Tuscaloosa
Michelle Rogers,AL Presbyterian Medical,(603) 045-8495,margaret64@example.com,Orthopedics,AL,Russell
Carolyn Alvarez,OH Presbyterian Medical,(329) 618-1722,brookeflowers@example.net,Gastroenterology,OH,Holmes
Gordon Vargas,Adams Presbyterian Medical,(567) 615-1649,agonzalez@example.org,Neurology,WI,Adams
Jerry Robinson,AL Community,(585) 407-6139,nicholsjames@example.net,Gastroenterology,AL,Marion
Kathy Rice,WI Presbyterian Medical,(804) 303-3874,kiddkayla@example.net,Oncology,WI,Barron
Sylvia Jimenez,AL Memorial,(874) 156-5408,moodyjoseph@example.com,Pulmonology,AL,Jackson
Maria Reed,WI Regional,(621) 830-5555,xdelacruz@example.com,Dermatology,WI,Barron
Mr. Jason Church,AL Presbyterian Medical,(187) 177-3670,kelly72@example.net,Neurology,AL,Talladega
Natalie Smith MD,Saint Peter Medical,(482) 625-8202,jimmy39@example.org,Orthopedics,WI,Iron
Samantha Williams,Prairie General,(075) 678-8437,stoneshelby@example.org,Gastroenterology,MT,Prairie
Michael Alvarez,Natrona University Medical,(493) 997-1120,sherrimorris@example.net,Orthopedics,WY,Natrona
Terri Medina,NH Health System,(308) 728-0274,diana17@example.org,Neurology,NH,Hillsborough
Karen Quinn,Washburn Medical Center,(182) 919-3755,blackburnchristopher@example.net,Orthopedics,WI,Washburn
Rick White,WI University Medical,(494) 140-8539,changann@example.com,Pulmonology,WI,Vilas
Kimberly Smith,Juneau General,(418) 429-1536,davidhaynes@example.org,Pulmonology,WI,Juneau
Jordan Wiley,Albany Memorial,(364) 973-5027,marcusturner@example.net,Orthopedics,WY,Albany
Rebecca Hernandez,OH Medical Center,(269) 925-7534,andrew05@example.org,Orthopedics,OH,Carroll
Charles Casey,Stillwater Medical Center,(513) 547-7178,diananolan@example.com,Pediatrics,MT,Stillwater
James French,Johnson Presbyterian Medical,(906) 362-3796,cdominguez@example.net,Neurology,WY,Johnson
Sean Roman,Wilcox Presbyterian Medical,(020) 172-0982,ariasmichelle@example.org,Dermatology,AL,Wilcox
Katherine Turner,NH Baptist Medical,(495) 743-3763,steven99@example.net,Pediatrics,NH,Sullivan
Brooke Carroll,Big Horn Baptist Medical,(537) 712-3448,nathan92@example.com,Endocrinology,WY,Big Horn
Tammy Young,Teton Community,(510) 564-1355,schwartzshelly@example.com,Dermatology,WY,Teton
Kevin Chase,WI Regional,(505) 480-9370,eshaffer@example.net,Orthopedics,WI,Juneau
Kelly Gonzalez,NH General,(105) 111-1379,reidmark@example.org,Orthopedics,NH,Coos
Nicholas Warren,WY Medical Center,(024) 480-3204,christopher09@example.com,Orthopedics,WY,Niobrara
Joel Henderson Jr.,AL Presbyterian Medical,(295) 983-0911,danielmack@example.org,Pediatrics,AL,Coosa
Matthew Baker,Fayette General,(526) 633-3389,smithkatherine@example.org,Neurology,AL,Fayette
Jesus Foster,WY Medical Center,(694) 212-4008,stephaniepotter@example.org,Orthopedics,WY,Crook
Robert Wong,Cheshire Community,(885) 153-1371,hmcdonald@example.com,Pediatrics,NH,Cheshire
Brian Mills,AL Baptist Medical,(656) 549-0198,beckivan@example.net,Endocrinology,AL,Baldwin
Brian Schmidt,Menominee Baptist Medical,(036) 356-1055,dylan08@example.com,Pediatrics,WI,Menominee
Regina Walker,WI University Medical,(130) 714-4913,megan03@example.com,Endocrinology,WI,Jackson
Emily Allen,MT University Medical,(777) 210-5609,jessicamoore@example.com,Cardiology,MT,Carter
Corey Bailey,Johnson Medical Center,(758) 026-9138,carrillojonathan@example.com,Gastroenterology,WY,Johnson
Julie Brown,Lincoln Presbyterian Medical,(113) 064-9918,haynespatrick@example.net,Psychiatry,WY,Lincoln
Troy Thornton,Converse Baptist Medical,(782) 084-5637,amandaharris@example.net,Pulmonology,WY,Converse
Amber Harrison,Wayne General,(980) 229-9673,jesse82@example.net,Endocrinology,OH,Wayne
Erica Gonzales,OH Community,(393) 781-3943,janetvaughn@example.com,Dermatology,OH,Wayne
Nicholas Martinez,Taylor Baptist Medical,(674) 634-9669,newmanmiguel@example.org,Cardiology,WI,Taylor
Lawrence Long,Saint Paul Medical,(992) 586-5435,keith20@example.com,Psychiatry,AL,Conecuh
Douglas Ho,Hillsborough Baptist Medical,(665) 344-6854,fochoa@example.com,Pulmonology,NH,Hillsborough
Timothy Young,WI Memorial,(334) 661-5625,gilmoreshannon@example.com,Pediatrics,WI,Lincoln
Paige Pierce,Summit Regional,(348) 706-1191,wallmelissa@example.com,Dermatology,OH,Summit
William Ford,Chippewa Regional,(258) 565-4707,hhenson@example.com,Orthopedics,WI,Chippewa
Peggy Brown,NH Presbyterian Medical,(644) 033-9264,vfox@example.net,Gastroenterology,NH,Hillsborough
Colton Williams,AL Presbyterian Medical,(097) 873-1233,jennifer24@example.net,Pulmonology,AL,Cherokee
Kevin Perez,OH Medical Center,(153) 681-7860,littlemichael@example.org,Neurology,OH,Summit
Mark Stevens,MT General,(462) 256-5249,amanda71@example.net,Pediatrics,MT,Flathead
Cynthia Valdez,NH Health System,(727) 546-5698,cnicholson@example.net,Orthopedics,NH,Sullivan
Deborah Sparks,Teton Regional,(918) 246-1820,robertnunez@example.net,Gastroenterology,WY,Teton
David Franklin,Colbert General,(264) 359-6504,amandamartin@example.net,Dermatology,AL,Colbert
David Lee,Saint Peter Medical,(826) 303-0927,dmendez@example.net,Neurology,NH,Cheshire
Jennifer Johnson,Forest Baptist Medical,(309) 005-8148,ngarcia@example.net,Pulmonology,WI,Forest
Anthony Potter,Tuscarawas Presbyterian Medical,(785) 038-8923,nwhite@example.com,Cardiology,OH,Tuscarawas
Margaret Eaton,Grafton Memorial,(436) 609-7083,david21@example.com,Dermatology,NH,Grafton
Beth Wheeler,OH Regional,(962) 075-6820,hayesjames@example.org,Pulmonology,OH,Summit
Donald Nelson,Wayne Presbyterian Medical,(901) 123-3829,sullivanchristina@example.org,Orthopedics,OH,Wayne
Megan Trujillo,Sheridan General,(435) 971-8090,greed@example.com,Pediatrics,WY,Sheridan
Felicia Morris,Saint Michael Medical,(998) 902-5421,palmervictoria@example.net,Pediatrics,OH,Holmes
Edward Moreno,MT University Medical,(620) 259-9553,geoffreysimmons@example.org,Pediatrics,MT,Granite
Samuel Collins MD,Saint Mary Medical,(649) 805-5186,denisemarshall@example.com,Oncology,AL,Lauderdale
Karen Martinez,Rockingham Medical Center,(630) 526-5282,hallfrancisco@example.net,Endocrinology,NH,Rockingham
Karen Carney,Goshen Memorial,(904) 105-7273,deckergerald@example.com,Endocrinology,WY,Goshen
Nicholas Garcia,AL Regional,(735) 858-8382,collierthomas@example.net,Dermatology,AL,Russell
Bradley Flores,Buffalo Presbyterian Medical,(308) 031-9723,elizabeth54@example.com,Orthopedics,WI,Buffalo
David Lynn,Daniels Memorial,(096) 308-1907,fward@example.net,Psychiatry,MT,Daniels
Dawn Williamson,Carbon Community,(784) 810-5399,randylucas@example.org,Psychiatry,MT,Carbon
Jennifer Barrera,OH Medical Center,(438) 285-1390,brendamoss@example.com,Endocrinology,OH,Stark
Kimberly Morris,AL Regional,(972) 059-8531,theresa82@example.com,Psychiatry,AL,Calhoun
Mr. Cody Fields MD,MT Presbyterian Medical,(174) 054-7673,ubanks@example.com,Pediatrics,MT,Roosevelt
Jerry Hancock,Waushara Memorial,(598) 157-3802,vanessa81@example.org,Orthopedics,WI,Waushara
Christopher Salazar,Carroll Regional,(067) 130-2686,fchang@example.net,Cardiology,NH,Carroll
Allison Scott,MT University Medical,(123) 619-5896,benjaminkane@example.com,Dermatology,MT,Blaine
James Vincent,Washakie Baptist Medical,(883) 469-4006,brianwallace@example.net,Pediatrics,WY,Washakie
Bryan Melendez,Granite Health System,(020) 251-1339,kevinsimpson@example.net,Gastroenterology,MT,Granite
Christina Bradford,WI Regional,(946) 158-4991,nicolejimenez@example.com,Gastroenterology,WI,Barron
Keith Gray,Fallon Health System,(530) 050-8764,coreyadkins@example.net,Psychiatry,MT,Fallon
Crystal Ford,Washington Medical Center,(853) 827-0213,aperez@example.org,Neurology,AL,Washington
David Rice,Lincoln Memorial,(802) 898-6980,jeffreyharris@example.com,Neurology,WY,Lincoln
Brandon Perez,Stillwater University Medical,(242) 984-4883,thernandez@example.org,Orthopedics,MT,Stillwater
Melinda Anderson,Grafton General,(833) 169-2955,linda75@example.com,Pulmonology,NH,Grafton
Maria Howell,Strafford Presbyterian Medical,(233) 332-7355,juan92@example.org,Orthopedics,NH,Strafford
Steven Diaz,WY Regional,(785) 272-2765,aaron32@example.com,Psychiatry,WY,Uinta
Luis Newman,NH Presbyterian Medical,(125) 995-4922,jessesmith@example.org,Psychiatry,NH,Sullivan
Peter Park,Hillsborough Memorial,(172) 398-2641,jessicaholmes@example.org,Endocrinology,NH,Hillsborough
Jonathan Cunningham,Saint Mary Medical,(420) 061-4192,hsharp@example.org,Cardiology,WY,Sweetwater
Melissa Vaughan,OH Baptist Medical,(021) 481-6593,ashleyguzman@example.com,Pediatrics,OH,Stark
Andrea Russell,WY Health System,(018) 236-6079,phamjames@example.net,Orthopedics,WY,Teton
Mrs. Gina Singleton,WY Baptist Medical,(739) 665-9159,longhenry@example.com,Orthopedics,WY,Weston
Richard Martinez,OH Health System,(348) 910-2678,ashley62@example.org,Dermatology,OH,Holmes
Monica King,Saint Francis Medical,(238) 390-0929,eric98@example.com,Orthopedics,OH,Stark
Christy Nelson,WI Health System,(981) 892-0904,jacksonpatrick@example.com,Cardiology,WI,Douglas
Jennifer Lara,Holmes Baptist Medical,(108) 530-7718,melissa06@example.org,Neurology,OH,Holmes
Tracy Harvey,Merrimack Health System,(244) 121-9394,matthew43@example.net,Orthopedics,NH,Merrimack
Olivia Johnston,Strafford Presbyterian Medical,(272) 583-6205,matthew39@example.net,Neurology,NH,Strafford
Jeffrey Miller,Cascade General,(266) 750-3282,brandon31@example.com,Cardiology,MT,Cascade
Elizabeth Cole,MT Regional,(745) 773-0970,agarcia@example.com,Psychiatry,MT,Sanders
Carol Mora,AL Community,(661) 741-8113,wendysmith@example.org,Pulmonology,AL,Lowndes
Michael Rose,MT Memorial,(165) 071-7515,bishopsarah@example.com,Pediatrics,MT,Carbon
Daniel Nichols,NH Community,(517) 885-5062,andrea64@example.net,Gastroenterology,NH,Belknap
Abigail Simmons,AL Baptist Medical,(021) 117-1475,hollandtraci@example.net,Gastroenterology,AL,Chilton
Haley Benton,OH Regional,(665) 454-3953,smithanthony@example.org,Oncology,OH,Carroll
George Carter,AL Regional,(721) 704-2001,jennifer13@example.com,Neurology,AL,Choctaw
Teresa Rodriguez,Teton Regional,(043) 705-7102,coreycampbell@example.com,Cardiology,WY,Teton
Daniel Walter,AL Memorial,(192) 552-4550,patricia26@example.org,Orthopedics,AL,Dallas
Gerald Love,Crook Medical Center,(411) 758-7842,christopher71@example.org,Endocrinology,WY,Crook
Nicole Hicks,MT University Medical,(421) 580-3598,staceysullivan@example.org,Endocrinology,MT,Roosevelt
James Holmes,Grafton Medical Center,(413) 757-4091,johnjohnson@example.org,Dermatology,NH,Grafton
Mrs. Carrie Spencer MD,Summit Health System,(201) 611-7205,jordanjacobs@example.net,Cardiology,OH,Summit
David Duncan,AL Medical Center,(601) 726-0340,francisjohn@example.org,Orthopedics,AL,Conecuh
Brian Best,Wayne Health System,(698) 293-1539,bowenvanessa@example.org,Pulmonology,OH,Wayne
Natasha Moore,Rockingham Medical Center,(629) 838-5012,nicholasgonzalez@example.com,Psychiatry,NH,Rockingham
Kayla Jacobs,Judith Basin General,(295) 447-4850,christine14@example.net,Neurology,MT,Judith Basin
Sara Harmon,Belknap University Medical,(100) 146-1384,bjohnson@example.net,Cardiology,NH,Belknap
Kevin Krueger,WI Baptist Medical,(905) 661-9532,karenwarner@example.org,Pulmonology,WI,Rusk
Kimberly Larson,OH Regional,(621) 141-7515,enash@example.net,Neurology,OH,Wayne
Brad Woodward,NH General,(744) 555-5268,allison25@example.org,Psychiatry,NH,Coos
Kimberly Jones,AL General,(353) 936-1060,imoran@example.net,Cardiology,AL,Walker
Jason Pierce,OH Regional,(846) 055-4209,bergariel@example.com,Orthopedics,OH,Holmes
Jeffrey Terry,Park Baptist Medical,(895) 163-2811,abigailperez@example.net,Dermatology,WY,Park
Hailey Kennedy,Crook University Medical,(876) 272-2205,courtneyjohnson@example.org,Dermatology,WY,Crook
Kimberly Perez,WI Regional,(525) 998-5021,adam72@example.com,Cardiology,WI,Trempealeau
Matthew Lewis,Coos Regional,(215) 173-9114,anthony13@example.org,Orthopedics,NH,Coos
Ian Thompson,Ashland Baptist Medical,(242) 468-0829,melissarobinson@example.net,Endocrinology,WI,Ashland
Megan Cohen,WI Regional,(922) 722-7974,nicholas10@example.com,Pulmonology,WI,Dunn
Phyllis Fields,Carroll Baptist Medical,(730) 598-4151,brianhoffman@example.org,Cardiology,OH,Carroll
John Davis,Saint Francis Medical,(261) 996-7330,ramirezkari@example.org,Psychiatry,NH,Carroll
Allen Duran,MT General,(834) 807-1324,brandonhunt@example.org,Neurology,MT,Mccone
Mrs. Taylor Rodriguez,Cullman Memorial,(427) 186-9947,butlerjordan@example.com,Oncology,AL,Cullman
William Rogers,OH Presbyterian Medical,(638) 066-7962,imarshall@example.com,Neurology,OH,Tuscarawas
Lindsey Mcfarland,OH Baptist Medical,(120) 732-8562,patricia60@example.net,Pediatrics,OH,Tuscarawas
Kerri Stanley,Trempealeau Health System,(563) 400-5238,ugonzalez@example.com,Psychiatry,WI,Trempealeau
Laura Spencer,WI Medical Center,(811) 323-1771,gonzaleserica@example.org,Endocrinology,WI,Trempealeau
James Flowers,OH General,(015) 297-0260,daniel29@example.com,Neurology,OH,Tuscarawas
Kevin Mcgrath,Dunn Community,(715) 054-0753,david25@example.com,Pediatrics,WI,Dunn
Cheyenne Gonzales,WI University Medical,(139) 592-1915,tylerwatkins@example.com,Gastroenterology,WI,Florence
Jordan Wilson,WI Community,(184) 034-5780,melissabell@example.net,Psychiatry,WI,Rusk
Abigail Smith,Lincoln Community,(521) 254-2790,xcarter@example.org,Cardiology,WY,Lincoln
Kristine Moore,OH Regional,(038) 026-6984,scobb@example.net,Pediatrics,OH,Summit
Douglas Rodriguez,Saint Francis Medical,(966) 324-5158,migueldickerson@example.org,Orthopedics,MT,Stillwater
Lisa Baker,Grafton Baptist Medical,(300) 035-7701,jacobgilmore@example.net,Pulmonology,NH,Grafton
Philip Duran,Saint Peter Medical,(303) 488-9382,marilynyoung@example.org,Endocrinology,WY,Fremont
Vincent Ibarra,Holmes Baptist Medical,(311) 336-7959,andrewwebb@example.net,Oncology,OH,Holmes
Jeffrey Hernandez,MT Regional,(620) 267-7515,flowersmichelle@example.com,Neurology,MT,Gallatin
Frances Huynh,Sublette Health System,(094) 025-8230,brandon28@example.net,Neurology,WY,Sublette
Matthew Hahn,WY Medical Center,(293) 772-4225,stephen43@example.com,Cardiology,WY,Johnson
Patrick Chan,Sawyer Health System,(326) 447-4672,hchapman@example.com,Pediatrics,WI,Sawyer
Nina Duarte,OH Regional,(705) 559-6909,mariahsullivan@example.net,Oncology,OH,Carroll
James Bird,Trempealeau Presbyterian Medical,(703) 401-3455,michael70@example.org,Neurology,WI,Trempealeau
Emily Stanley,Wayne Memorial,(657) 403-5869,ricky25@example.net,Pediatrics,OH,Wayne
Joel Gill,WI University Medical,(992) 182-7395,harrisbrandon@example.com,Pediatrics,WI,Marathon
Natalie Alvarado,Saint Mary Medical,(110) 947-5022,rebeccahuerta@example.org,Psychiatry,MT,Lewis And Clark
Vanessa Flores,OH Medical Center,(018) 557-3490,eriksnyder@example.com,Oncology,OH,Tuscarawas
Mary Lopez,WI Presbyterian Medical,(261) 769-8127,sarah07@example.com,Cardiology,WI,Ashland
Amber Robinson,WY Memorial,(004) 893-1547,mendezsean@example.org,Pulmonology,WY,Campbell
Charles Baker,MT Community,(760) 604-4373,alexandermaria@example.net,Gastroenterology,MT,Phillips
Taylor King,OH Baptist Medical,(244) 227-0750,qbrown@example.org,Orthopedics,OH,Stark
Jorge Henderson,Fremont Regional,(568) 747-2262,abender@example.com,Pulmonology,WY,Fremont
Ray Everett Jr.,WI Health System,(341) 440-8462,chloeevans@example.net,Orthopedics,WI,Vilas
James Adams,Sweetwater Memorial,(768) 910-3492,hortonpatricia@example.org,Endocrinology,WY,Sweetwater
Kaitlyn Jackson,OH General,(880) 916-7916,frank42@example.com,Endocrinology,OH,Wayne
Laurie Edwards,Carroll Medical Center,(758) 272-0534,kimberly59@example.net,Oncology,NH,Carroll
Andrew Sosa,Covington Community,(902) 641-0929,lnewman@example.org,Psychiatry,AL,Covington
Robert Garcia,WY Baptist Medical,(038) 949-7904,vcantu@example.org,Endocrinology,WY,Sweetwater
Julia Young,Dunn Health System,(041) 811-4606,tammystevens@example.net,Pediatrics,WI,Dunn
Alicia Salinas,Park Regional,(179) 039-7487,xfranklin@example.org,Dermatology,MT,Park
David Roberson,AL University Medical,(928) 023-1853,vturner@example.com,Pulmonology,AL,Jefferson
Natalie Mitchell,Saint Joseph Medical,(897) 967-6246,andrewhenry@example.net,Psychiatry,MT,Powell
Nathaniel Smith,NH General,(971) 465-1079,emmahall@example.net,Endocrinology,NH,Merrimack
Dana Smith,Meagher Regional,(156) 407-5587,samuel42@example.org,Pediatrics,MT,Meagher
Kathleen Turner,Jackson University Medical,(100) 318-9996,melody74@example.net,Psychiatry,WI,Jackson
Diane Anderson,NH General,(486) 466-9797,jjohnson@example.net,Cardiology,NH,Grafton
Brenda Wallace,Carroll University Medical,(047) 369-1552,jennyhernandez@example.com,Gastroenterology,OH,Carroll
Alicia Cook,AL General,(631) 175-1967,michaeltran@example.net,Neurology,AL,Tallapoosa
John Miller DVM,Clay Presbyterian Medical,(020) 673-1609,justin78@example.com,Gastroenterology,AL,Clay
Sandra Gomez,Lawrence Health System,(646) 052-3629,chaseangela@example.com,Neurology,AL,Lawrence
Destiny Sutton,Tuscarawas Presbyterian Medical,(806) 142-2435,vhernandez@example.net,Oncology,OH,Tuscarawas
Cory Rivera,WI Community,(797) 031-7515,tarellano@example.net,Dermatology,WI,Vilas
George Parks,MT Regional,(017) 865-8325,jamesrodriguez@example.net,Endocrinology,MT,Big Horn
Bryce Crawford,WY University Medical,(746) 878-0515,johnstonkelly@example.org,Psychiatry,WY,Teton
Jamie Mitchell,Menominee University Medical,(011) 144-1581,wilcoxbrian@example.com,Psychiatry,WI,Menominee
Deborah Ramirez,NH Health System,(419) 115-6052,olsonronnie@example.net,Neurology,NH,Sullivan
Jennifer Long,Saint Michael Medical,(903) 777-5713,ktaylor@example.org,Pediatrics,NH,Coos
Andrew Wheeler,OH Regional,(105) 009-5363,jaywilliams@example.net,Cardiology,OH,Summit
Erin Lucas,WY Presbyterian Medical,(499) 623-8430,usaunders@example.net,Pulmonology,WY,Carbon
Adam Jones,Lauderdale Community,(251) 358-8653,sarahclark@example.com,Dermatology,AL,Lauderdale
Patrick Hensley,AL Community,(560) 131-1294,billy27@example.org,Gastroenterology,AL,Winston
Jean Robinson,Wood Baptist Medical,(319) 580-2250,scottprice@example.net,Endocrinology,WI,Wood
Jaime Johnson,MT General,(660) 319-2423,daykimberly@example.com,Endocrinology,MT,Stillwater
Mark Miles,MT Presbyterian Medical,(660) 318-4473,caleb54@example.net,Endocrinology,MT,Stillwater
Peter Parrish,Rusk Community,(385) 347-3282,laura61@example.net,Pulmonology,WI,Rusk
Dylan Mckinney,Platte Baptist Medical,(676) 853-5049,emily09@example.net,Cardiology,WY,Platte
Tiffany Nunez,WI Community,(312) 812-8775,carteralicia@example.net,Pediatrics,WI,Barron
Thomas Carter,Baldwin Baptist Medical,(833) 301-6637,kennethreed@example.org,Orthopedics,AL,Baldwin
Sean Vaughan,NH University Medical,(788) 878-5786,bhall@example.org,Endocrinology,NH,Strafford
Nicholas Patterson,OH Regional,(115) 319-3261,levinecolleen@example.net,Psychiatry,OH,Stark
Steven Singleton,Stark Presbyterian Medical,(945) 220-0868,daniel28@example.net,Pediatrics,OH,Stark
Kristina Hanson,WY University Medical,(737) 170-6017,jonathanklein@example.com,Neurology,WY,Crook
John Miles,WI Health System,(018) 897-3230,stephanie34@example.net,Pulmonology,WI,Price
Julie Coleman,Fremont Medical Center,(235) 450-0053,asingh@example.org,Oncology,WY,Fremont
Ana Juarez,Saint John Medical,(875) 511-9521,scasey@example.com,Dermatology,MT,Silver Bow
Joseph Christensen,Wayne Presbyterian Medical,(631) 179-0975,evansthomas@example.com,Gastroenterology,OH,Wayne
Michael Butler,MT University Medical,(714) 427-0184,sean34@example.org,Pediatrics,MT,Teton
Eric Matthews,OH Baptist Medical,(448) 904-6887,brittany71@example.org,Gastroenterology,OH,Summit
Alicia Matthews,WI Regional,(761) 703-2688,kennethshepherd@example.com,Pediatrics,WI,Ashland
Gary Jones,Strafford Presbyterian Medical,(416) 343-5666,leechristina@example.com,Endocrinology,NH,Strafford
Jeffrey Martin MD,AL General,(488) 854-4070,kurtsmith@example.org,Cardiology,AL,Clarke
Chelsea Russo,WY University Medical,(654) 062-6962,antoniofuller@example.net,Pulmonology,WY,Converse
Matthew Mercer,Richland Regional,(351) 164-8387,steven45@example.com,Cardiology,MT,Richland
Christine Lawson,NH Presbyterian Medical,(123) 901-2650,stephensbonnie@example.net,Gastroenterology,NH,Grafton
Bruce Mitchell,Summit Health System,(311) 294-6022,jimenezkatie@example.org,Psychiatry,OH,Summit
Dennis Phillips,Park General,(119) 178-7244,diazmelanie@example.com,Psychiatry,MT,Park
Michael Green,Conecuh Regional,(501) 979-7464,mberry@example.org,Gastroenterology,AL,Conecuh
Ashley Smith,MT Health System,(757) 867-4140,markrussell@example.org,Orthopedics,MT,Powder River
Daniel Daugherty,Merrimack Memorial,(291) 153-2792,hbailey@example.com,Pulmonology,NH,Merrimack
Joanne Douglas,Niobrara Community,(975) 356-8605,james73@example.org,Dermatology,WY,Niobrara
Jill Hanna,WY General,(353) 326-5759,rrogers@example.net,Oncology,WY,Weston
Anita Medina,Saint Paul Medical,(714) 337-2731,vbrown@example.com,Orthopedics,OH,Summit
Ian Pearson,Beaverhead Health System,(442) 027-0459,greenrobert@example.net,Endocrinology,MT,Beaverhead
Nathaniel Black,WI Regional,(330) 303-3562,ebender@example.org,Pediatrics,WI,Ashland
Carlos White,OH Regional,(358) 041-4929,jonesroberto@example.net,Gastroenterology,OH,Stark
Joe Hall,NH General,(562) 030-8458,scottking@example.org,Neurology,NH,Belknap
Ryan Lewis,MT Regional,(765) 828-7461,ypena@example.net,Orthopedics,MT,Teton
Brian Frank,OH Community,(554) 728-6785,jthomas@example.net,Oncology,OH,Wayne
Douglas Ellis,Dale Memorial,(766) 100-8028,zphillips@example.org,Pediatrics,AL,Dale
Dylan Ruiz,Jefferson Medical Center,(449) 111-7953,pamelamendoza@example.org,Psychiatry,MT,Jefferson
Douglas Schmidt,AL Health System,(175) 769-6170,smithdavid@example.net,Gastroenterology,AL,Lamar
Laura Medina,NH General,(189) 545-7778,aedwards@example.net,Neurology,NH,Hillsborough
Robert Huang,Stark Memorial,(281) 676-4983,sarah51@example.com,Cardiology,OH,Stark
Caitlin Bailey,WY University Medical,(026) 658-1930,smithkathy@example.net,Cardiology,WY,Hot Springs
Diana Shelton,Sheridan Baptist Medical,(909) 403-3128,daniel27@example.org,Orthopedics,MT,Sheridan
Jaime Shields,WI General,(964) 897-2259,rjordan@example.com,Neurology,WI,Chippewa
Barbara Dunn,Saint Joseph Medical,(888) 155-4941,hendersonstephen@example.org,Endocrinology,OH,Carroll
Ronald Aguilar,WY Baptist Medical,(914) 786-6751,georgebrown@example.net,Gastroenterology,WY,Niobrara
Mr. Jeremiah Clark,NH Baptist Medical,(708) 473-3406,crichard@example.net,Dermatology,NH,Merrimack
Keith Phillips,Tuscarawas Memorial,(128) 393-6979,kmoody@example.net,Orthopedics,OH,Tuscarawas
Marvin Hayes,Tuscarawas Baptist Medical,(455) 451-2134,mcdonaldjessica@example.com,Oncology,OH,Tuscarawas
Lauren Jenkins,Hillsborough Community,(337) 011-4180,turnerchristopher@example.org,Cardiology,NH,Hillsborough
Timothy Cobb,Tuscarawas Community,(874) 074-7843,danielrodriguez@example.com,Pediatrics,OH,Tuscarawas
Michelle Thomas,AL Medical Center,(669) 665-6715,diana46@example.com,Psychiatry,AL,Cullman
Arthur Smith,WI General,(546) 414-7033,bfisher@example.org,Pulmonology,WI,Dunn
Tom Hill,Washburn Presbyterian Medical,(666) 305-8192,kayleefigueroa@example.net,Neurology,WI,Washburn
Sandra Wise,AL Health System,(384) 599-5687,zrussell@example.net,Endocrinology,AL,Lowndes
Amanda Curry,Carbon Presbyterian Medical,(837) 491-7373,tina70@example.org,Endocrinology,MT,Carbon
Justin Short,Ashland Medical Center,(251) 297-4151,rebecca90@example.com,Cardiology,WI,Ashland
Rhonda Meyer,Eau Claire Baptist Medical,(273) 704-1253,johnsonlinda@example.org,Orthopedics,WI,Eau Claire
Cameron Guzman,AL Health System,(815) 747-4589,whunt@example.com,Gastroenterology,AL,Russell
David Young,NH General,(682) 781-6908,wyatt47@example.net,Pulmonology,NH,Grafton
Jason Holland,Wayne Baptist Medical,(180) 456-4632,sharon29@example.net,Cardiology,OH,Wayne
Russell Herman,OH General,(017) 108-0537,jonesjulia@example.com,Cardiology,OH,Summit
Jennifer Elliott,Washakie Regional,(795) 860-1088,claudiahanson@example.net,Pulmonology,WY,Washakie
Steven Gomez,Saint Peter Medical,(149) 422-3526,dawnryan@example.com,Oncology,WY,Platte
Sara Mcclain,NH General,(324) 053-0639,fostersally@example.com,Dermatology,NH,Hillsborough
Anna Williams,Florence Community,(868) 787-1370,casejason@example.net,Psychiatry,WI,Florence
David Martin MD,MT University Medical,(737) 656-2686,derek76@example.com,Dermatology,MT,Powder River
Anthony Johnston,Powder River Medical Center,(655) 664-2408,jennifersmith@example.com,Pediatrics,MT,Powder River
Valerie Hall,Cheshire Presbyterian Medical,(603) 800-6736,john40@example.net,Pediatrics,NH,Cheshire
Mr. Andre Davis,Cheshire Memorial,(139) 029-1155,derekguerrero@example.net,Pulmonology,NH,Cheshire
Todd Little,Langlade Memorial,(656) 455-8824,lisabarrett@example.org,Endocrinology,WI,Langlade
Erica Lopez,Saint Mary Medical,(255) 993-4979,pamelapayne@example.com,Psychiatry,MT,Lewis And Clark
Jennifer Smith,Saint Paul Medical,(363) 749-7290,ann04@example.com,Gastroenterology,WY,Hot Springs
Marcia Hebert,Johnson Presbyterian Medical,(828) 289-2692,beverly81@example.com,Orthopedics,WY,Johnson
Tamara Hudson,Cascade Medical Center,(627) 847-3390,lbarrett@example.org,Orthopedics,MT,Cascade
Mrs. Kathy Moreno MD,Hillsborough Medical Center,(416) 514-0478,ggomez@example.net,Gastroenterology,NH,Hillsborough
Ryan Walker,Saint Paul Medical,(210) 546-7259,burnettwendy@example.org,Psychiatry,OH,Carroll
David Campbell,WY Community,(661) 602-2046,rodriguezlori@example.com,Cardiology,WY,Lincoln
Desiree Morales DDS,WY Community,(867) 273-7738,jeffreyramirez@example.net,Psychiatry,WY,Crook
Carolyn Reed,Rockingham Presbyterian Medical,(726) 453-5937,phyllis01@example.com,Orthopedics,NH,Rockingham
Jonathan Griffin,NH Memorial,(066) 362-7058,sonya92@example.com,Orthopedics,NH,Carroll
John Fry,NH Presbyterian Medical,(722) 147-9260,dwatkins@example.net,Pulmonology,NH,Hillsborough
Samantha Curry,WI Community,(160) 945-6476,berrytommy@example.org,Orthopedics,WI,Waushara
Christina Malone,Rusk Memorial,(119) 093-2002,ltorres@example.org,Pediatrics,WI,Rusk
David Roberts,WI Memorial,(237) 160-0669,vanessamitchell@example.com,Cardiology,WI,Buffalo
Jeffrey Mcguire,AL Health System,(621) 580-9854,melissa78@example.net,Neurology,AL,Jefferson
Scott Jackson,WY Presbyterian Medical,(815) 291-7317,kgilmore@example.org,Orthopedics,WY,Campbell
Melissa Schneider,WI Regional,(336) 503-0343,marc52@example.net,Cardiology,WI,Juneau
Jim Cole,Saint Paul Medical,(832) 449-0780,gary60@example.net,Neurology,NH,Merrimack
Billy Lindsey,OH Memorial,(426) 880-1708,xgillespie@example.org,Endocrinology,OH,Stark
Jeffrey Hayes,WY Medical Center,(163) 254-7869,zlee@example.net,Pediatrics,WY,Niobrara
Michael Garcia,AL Regional,(501) 874-5574,ruben66@example.com,Pediatrics,AL,Dallas
Haley Wiggins,MT Memorial,(431) 536-5549,dmitchell@example.org,Orthopedics,MT,Blaine
Timothy Andrade,AL Baptist Medical,(374) 932-3189,tbennett@example.com,Gastroenterology,AL,Cleburne
Wesley Freeman,Shawano General,(475) 352-0714,tylerrivera@example.net,Gastroenterology,WI,Shawano
Patrick Jackson,Saint Mary Medical,(641) 194-7513,barrchristopher@example.com,Dermatology,OH,Carroll
Stephanie Burgess,Saint Mary Medical,(797) 349-0162,fcruz@example.net,Cardiology,WI,Barron
Amanda Smith,WI Baptist Medical,(922) 426-5212,eyork@example.com,Neurology,WI,Price
Lisa Oneal,NH Memorial,(545) 678-4189,zgibson@example.org,Pulmonology,NH,Hillsborough
Justin Thomas,NH University Medical,(867) 726-9691,eddie53@example.org,Gastroenterology,NH,Rockingham
Anna Sanchez,Summit Medical Center,(679) 139-5026,stephaniewallace@example.org,Psychiatry,OH,Summit
Ms. Lynn Brown PhD,Buffalo University Medical,(269) 715-3941,penalisa@example.net,Neurology,WI,Buffalo
Carlos Rice,Tuscarawas Baptist Medical,(290) 423-4808,lynchevelyn@example.org,Pediatrics,OH,Tuscarawas
Andre Hernandez,Carroll Memorial,(696) 128-4188,katie11@example.net,Cardiology,OH,Carroll
Connie Young,NH General,(629) 744-0411,smithbenjamin@example.org,Cardiology,NH,Strafford
Alicia Sharp,Grafton University Medical,(027) 123-6738,bensonspencer@example.com,Cardiology,NH,Grafton
Wayne Mitchell,Fremont Regional,(489) 593-0593,irivera@example.org,Neurology,WY,Fremont
Justin Ponce,Roosevelt Medical Center,(039) 460-4399,qwilliams@example.org,Orthopedics,MT,Roosevelt
Todd Barker,NH Presbyterian Medical,(055) 094-2568,ralphhahn@example.com,Orthopedics,NH,Cheshire
Anthony Thompson,Dallas Community,(628) 741-4231,martinezsamuel@example.com,Dermatology,AL,Dallas
Allison Harper,Carroll Baptist Medical,(743) 098-5810,danielturner@example.org,Cardiology,NH,Carroll
Dominic Reyes,MT Community,(112) 759-3854,robertcollins@example.org,Endocrinology,MT,Gallatin
Joann Miller,Saint Joseph Medical,(193) 218-5055,sconner@example.net,Orthopedics,OH,Carroll
Julia Harvey,WY University Medical,(319) 220-1445,watkinsamanda@example.net,Orthopedics,WY,Campbell
Christopher Adkins,Merrimack Medical Center,(607) 154-3974,rebecca86@example.com,Pediatrics,NH,Merrimack
Alicia Martin,Pepin Baptist Medical,(381) 295-3619,lorihansen@example.com,Pediatrics,WI,Pepin
Benjamin Black,Converse Health System,(703) 568-0924,qthompson@example.org,Gastroenterology,WY,Converse
Susan Hammond,Saint John Medical,(703) 958-3309,yhendrix@example.net,Endocrinology,MT,Judith Basin
Tina Nichols,Stark Presbyterian Medical,(958) 822-7137,ebraun@example.net,Gastroenterology,OH,Stark
Mark Carter,Campbell General,(773) 746-6709,juliejones@example.net,Endocrinology,WY,Campbell
Nathan Mcdonald,OH Presbyterian Medical,(110) 999-2756,johnathanhobbs@example.com,Endocrinology,OH,Holmes
Laura Wells,NH University Medical,(609) 782-0941,peter19@example.com,Orthopedics,NH,Coos
Frank Joseph,Chippewa Medical Center,(759) 623-2223,sandraward@example.com,Gastroenterology,WI,Chippewa
Bruce Price,MT Medical Center,(597) 113-4514,andrewfoster@example.org,Endocrinology,MT,Yellowstone
Glenn Walker,NH University Medical,(945) 146-9251,taylorcasey@example.net,Dermatology,NH,Cheshire
Natalie Bullock,Pike Community,(131) 540-5551,sanchezjessica@example.org,Orthopedics,AL,Pike
Dawn Patrick,Strafford Regional,(530) 336-8277,jacobdean@example.com,Gastroenterology,NH,Strafford
Carla Smith,Carroll Regional,(867) 764-3810,yrobinson@example.org,Endocrinology,OH,Carroll
Dennis Luna,OH Medical Center,(660) 957-2473,mcguireashley@example.com,Cardiology,OH,Wayne
David Montgomery,NH Presbyterian Medical,(046) 326-9289,margaret07@example.org,Psychiatry,NH,Cheshire
Destiny Brown,Saint Francis Medical,(835) 405-8806,katherine53@example.org,Neurology,AL,Fayette
Jason Watkins,Golden Valley Medical Center,(626) 318-2113,caseyanderson@example.org,Orthopedics,MT,Golden Valley
Marissa Norris,Washakie Baptist Medical,(167) 855-9604,jeremiahjones@example.net,Psychiatry,WY,Washakie
Mark Lopez,MT Health System,(842) 417-3507,seanmiller@example.com,Orthopedics,MT,Phillips
Chelsea Galvan DDS,Saint Michael Medical,(768) 368-3082,sharon90@example.net,Gastroenterology,OH,Carroll
Ruben Allen,AL Community,(629) 556-3842,zscott@example.org,Pediatrics,AL,Franklin
Mark Sparks,Big Horn Memorial,(111) 388-1944,zbailey@example.com,Psychiatry,MT,Big Horn
Arthur Sanchez,Saint Francis Medical,(748) 202-2268,snguyen@example.com,Gastroenterology,AL,Lowndes
Lauren Ortega,Chippewa Baptist Medical,(889) 449-5436,kgray@example.com,Pulmonology,WI,Chippewa
Gregg Martin,Weston Memorial,(077) 709-2789,holmesdarren@example.net,Endocrinology,WY,Weston
Whitney Henry,Marion Memorial,(209) 699-9959,gschmidt@example.com,Oncology,AL,Marion
Carla French MD,NH Presbyterian Medical,(854) 205-8335,deanthomas@example.com,Pediatrics,NH,Cheshire
Mark Dominguez,Wood Regional,(687) 957-1755,teresalopez@example.net,Pulmonology,WI,Wood
George Jackson,OH Baptist Medical,(809) 359-2666,christinesmith@example.com,Neurology,OH,Tuscarawas
Emily Martin,Stark Presbyterian Medical,(451) 296-2666,josephowens@example.com,Dermatology,OH,Stark
Mike Raymond,Grafton Memorial,(080) 488-1366,blevinsamanda@example.net,Oncology,NH,Grafton
Marie Tapia,WY Health System,(901) 678-0430,krystalarmstrong@example.org,Pulmonology,WY,Sweetwater
Angela Jones,WI Regional,(075) 469-7060,margaretsanchez@example.net,Endocrinology,WI,Ashland
Kenneth Sanchez,OH University Medical,(820) 539-8639,kwalsh@example.com,Neurology,OH,Carroll
Jasmine Lewis,Saint Michael Medical,(105) 091-7777,russell35@example.org,Oncology,MT,Ravalli
James Brown,MT Medical Center,(984) 708-4871,kyletucker@example.org,Pediatrics,MT,Liberty
James Gaines,NH University Medical,(741) 701-9002,uwilson@example.org,Endocrinology,NH,Belknap
Joanna Rubio,NH Regional,(890) 931-4236,kevin10@example.com,Gastroenterology,NH,Hillsborough
Kimberly Adams,Baldwin Community,(732) 970-5265,tiffany73@example.net,Dermatology,AL,Baldwin
Noah Greene,Petroleum University Medical,(270) 392-7456,mark23@example.net,Neurology,MT,Petroleum
Ruben Goodman,Belknap University Medical,(953) 016-9982,jacob77@example.com,Pulmonology,NH,Belknap
Matthew Allison,AL University Medical,(025) 216-6467,amandaboyd@example.com,Oncology,AL,Geneva
Angela Ortiz,Summit Regional,(028) 606-6812,nstephenson@example.net,Dermatology,OH,Summit
Mark Moore,Tuscarawas University Medical,(565) 522-8655,qclark@example.org,Neurology,OH,Tuscarawas
Taylor Norris,Madison Community,(554) 852-9447,dtorres@example.org,Endocrinology,MT,Madison
Laura Warner,Grafton Memorial,(348) 823-3178,barnesjohn@example.org,Dermatology,NH,Grafton
Kimberly Anderson,OH Medical Center,(296) 932-5330,frankmichele@example.net,Oncology,OH,Stark
Brad Hunt,Summit Health System,(607) 553-2467,williamswilliam@example.net,Gastroenterology,OH,Summit
Keith Clayton,WY Baptist Medical,(364) 470-9415,grantraymond@example.net,Oncology,WY,Big Horn
Joel Valenzuela,AL Community,(823) 012-3811,cheryl24@example.org,Pulmonology,AL,Jefferson
Jamie Martin,Saint Paul Medical,(864) 322-8056,gillerica@example.com,Gastroenterology,MT,Sheridan
Michelle Adams,Saint Paul Medical,(282) 020-1057,sarahmeza@example.net,Pediatrics,NH,Strafford
Nicole Goodman,Saint Francis Medical,(257) 322-6176,smithjohn@example.com,Oncology,OH,Tuscarawas
Margaret Harris,Saint Paul Medical,(983) 455-8224,kevinluna@example.org,Gastroenterology,WI,Buffalo
Jack Branch,Saint Peter Medical,(581) 660-6869,johncampbell@example.net,Dermatology,MT,Madison
Kyle Ward,AL Regional,(297) 203-6243,christineshelton@example.org,Pulmonology,AL,Clay
Ashley Ritter,Coos General,(777) 004-8156,norrismonica@example.net,Orthopedics,NH,Coos
Matthew Delgado,Saint Francis Medical,(743) 234-9415,jeffrey34@example.org,Orthopedics,WY,Crook
Shirley Mcbride,OH Baptist Medical,(762) 470-6944,jacob72@example.org,Neurology,OH,Carroll
Guy Jones,Stark Presbyterian Medical,(786) 550-9365,butlercynthia@example.com,Neurology,OH,Stark
Traci Ford,OH Memorial,(769) 986-8658,rogerbentley@example.org,Endocrinology,OH,Summit
Amy Smith,Tuscarawas Medical Center,(738) 175-1009,crichmond@example.net,Oncology,OH,Tuscarawas
John Hawkins,Belknap Community,(580) 480-5898,bradleygarcia@example.net,Pulmonology,NH,Belknap
Nancy Hendrix,WI Medical Center,(212) 344-4840,kellerbridget@example.net,Dermatology,WI,Taylor
James Moore,WY Health System,(004) 580-8168,alexis10@example.net,Endocrinology,WY,Sweetwater
Jordan Cowan,NH Memorial,(884) 239-2772,jamie48@example.net,Pulmonology,NH,Rockingham
Christina Porter,WI Presbyterian Medical,(321) 665-0886,awilliams@example.org,Orthopedics,WI,Marathon
Anna Johnson,Saint Joseph Medical,(833) 159-8688,diana11@example.org,Pediatrics,OH,Wayne
Eric Mclaughlin,WI Presbyterian Medical,(734) 524-9251,lopeztyler@example.com,Pulmonology,WI,Langlade
Travis Dominguez,Fremont General,(837) 625-3789,velasquezangela@example.net,Neurology,WY,Fremont
Timothy Guerrero,Saint Joseph Medical,(933) 789-6183,jennifer17@example.net,Psychiatry,WY,Weston
Megan Hernandez,WY Baptist Medical,(269) 205-3961,ywilliams@example.com,Neurology,WY,Albany
Donald Jordan,Summit University Medical,(879) 296-5748,aweber@example.com,Cardiology,OH,Summit
Dr. Victoria Wilson,AL General,(473) 037-2125,benjaminholly@example.net,Endocrinology,AL,Baldwin
Thomas Hicks,OH Memorial,(960) 999-6165,jonescarol@example.net,Dermatology,OH,Stark
Jeff Knight,OH University Medical,(911) 921-1329,paultate@example.org,Cardiology,OH,Holmes
Brian Pena,AL General,(605) 116-2559,edwardmartin@example.net,Oncology,AL,Montgomery
David Lewis,Saint Paul Medical,(138) 486-0233,theresalopez@example.org,Cardiology,MT,Blaine
Robert Duke,WY Presbyterian Medical,(379) 160-6165,melissahenry@example.org,Gastroenterology,WY,Converse
Christopher Bradshaw,Belknap University Medical,(318) 815-0324,alexanderstephens@example.org,Pediatrics,NH,Belknap
Robert Hernandez,WY Baptist Medical,(625) 170-6510,brandongriffith@example.net,Oncology,WY,Big Horn
Jon Bradley,NH Health System,(596) 220-4077,ganderson@example.net,Gastroenterology,NH,Rockingham
Matthew Cunningham,Golden Valley Presbyterian Medical,(055) 669-8965,ericperez@example.com,Psychiatry,MT,Golden Valley
Douglas Doyle,NH Presbyterian Medical,(584) 716-4835,coryrogers@example.com,Neurology,NH,Carroll
Jeremiah Butler,Summit Community,(746) 633-1718,ahamilton@example.com,Pediatrics,OH,Summit
Nancy Black,Saint Francis Medical,(792) 444-1991,latasha50@example.net,Neurology,WY,Laramie
Teresa Malone,Saint Peter Medical,(023) 154-5107,kristin06@example.org,Orthopedics,WY,Laramie
Victoria Santiago,Sublette Medical Center,(321) 613-8742,diazbarry@example.org,Psychiatry,WY,Sublette
Denise Cross,Saint Paul Medical,(834) 309-1752,wrightaaron@example.net,Pediatrics,OH,Holmes
Adam May,Park Community,(205) 336-6290,richardthompson@example.org,Pediatrics,WY,Park
Melanie Lewis,NH Baptist Medical,(182) 972-3495,moorewendy@example.org,Oncology,NH,Belknap
Ebony Valentine,Tuscarawas Medical Center,(317) 758-5185,ystewart@example.net,Dermatology,OH,Tuscarawas
Cody Bailey,OH Regional,(464) 059-3564,pattyjohnson@example.org,Gastroenterology,OH,Carroll
Vincent Farmer,NH University Medical,(049) 570-8572,xjacobs@example.org,Dermatology,NH,Coos
Dustin Sellers,MT Baptist Medical,(535) 466-3211,jose55@example.com,Psychiatry,MT,Gallatin
Rebecca Wood,WY Health System,(067) 500-7465,kimberlywhite@example.net,Endocrinology,WY,Campbell
Christine Martinez,AL Health System,(073) 244-7176,santiagoelizabeth@example.com,Pulmonology,AL,Talladega
Julia Thompson,AL Community,(331) 322-0427,amy96@example.org,Orthopedics,AL,Winston
Kayla Hernandez,NH Health System,(543) 508-0639,imiller@example.org,Pediatrics,NH,Carroll
Sandra Stokes,Holmes Baptist Medical,(400) 912-4113,reedkristine@example.net,Dermatology,OH,Holmes
Edward West,AL General,(531) 894-8940,christinetaylor@example.net,Dermatology,AL,Henry
Dr. Tiffany Patterson PhD,Florence Regional,(177) 003-3616,kendrasoto@example.com,Oncology,WI,Florence
Dustin Coffey,NH Health System,(543) 836-2716,alvinwhite@example.org,Psychiatry,NH,Sullivan
Christopher Ross,AL University Medical,(451) 732-5260,phillipsjessica@example.org,Pediatrics,AL,Coosa
Nancy Stewart,AL Medical Center,(320) 682-6518,smithrandall@example.com,Endocrinology,AL,Saint Clair
Sarah Graham,AL Baptist Medical,(699) 648-7308,scottorozco@example.com,Psychiatry,AL,Shelby
James Lee,Douglas Memorial,(444) 894-1123,pittslauren@example.net,Cardiology,WI,Douglas
Timothy Ware,OH Community,(970) 195-9010,austinevans@example.net,Gastroenterology,OH,Stark
Anthony Flowers,Monroe Health System,(889) 897-4551,bethbaldwin@example.org,Endocrinology,AL,Monroe
Gabriel Nguyen,WY Community,(050) 205-6542,youngrandall@example.com,Oncology,WY,Albany
Dr. Tracey Williams,Saint Peter Medical,(981) 302-0948,jsmith@example.com,Orthopedics,AL,Henry
James Sanchez,Adams Health System,(917) 251-2838,claykiara@example.com,Gastroenterology,WI,Adams
Nicole Castillo,WY General,(430) 965-6711,whowe@example.com,Pulmonology,WY,Natrona
Matthew Johnson,WY Presbyterian Medical,(436) 664-7760,lewisbrittany@example.net,Cardiology,WY,Johnson
Rebecca Rodgers,Saint Peter Medical,(048) 277-7788,kmason@example.net,Orthopedics,WY,Niobrara
Michael Hoffman,Fremont Baptist Medical,(298) 085-5842,nelsonnancy@example.net,Oncology,WY,Fremont
Ashley White,Saint Paul Medical,(363) 323-1092,rayandrea@example.org,Pulmonology,AL,Conecuh
Michael Reed,Park Medical Center,(966) 035-9400,cgreen@example.net,Orthopedics,MT,Park
Jason Green,Juneau Medical Center,(269) 344-9586,annatorres@example.com,Psychiatry,WI,Juneau
Jeremiah Marshall,Richland Community,(659) 401-6482,theresataylor@example.org,Dermatology,MT,Richland
Dawn Potts,Strafford Medical Center,(941) 824-4223,epeterson@example.org,Oncology,NH,Strafford
Barbara Nguyen,Saint Paul Medical,(637) 900-2894,manningstephanie@example.com,Endocrinology,OH,Carroll
Barbara Jensen,Saint Peter Medical,(626) 642-8568,michael21@example.com,Psychiatry,WY,Platte
Debra Wall,Langlade Memorial,(402) 067-8765,enelson@example.org,Cardiology,WI,Langlade
Kristina Armstrong,Sweet Grass Presbyterian Medical,(743) 173-4547,lescobar@example.net,Psychiatry,MT,Sweet Grass
Lori Reed,Tuscarawas University Medical,(880) 670-6745,gravesmichael@example.com,Pulmonology,OH,Tuscarawas
Rita Nichols,Stillwater Presbyterian Medical,(671) 273-0851,sfranco@example.net,Neurology,MT,Stillwater
Elizabeth Hodge,WY Memorial,(019) 935-9415,krista50@example.net,Pulmonology,WY,Johnson
Allison Mcknight,Saint Paul Medical,(890) 968-3841,tcarter@example.org,Dermatology,WI,Buffalo
Joanna Bryant,Lowndes University Medical,(788) 999-8472,matthew69@example.org,Cardiology,AL,Lowndes
William Chang,AL Memorial,(131) 963-5843,leonardjohnson@example.org,Neurology,AL,Coosa
Laura Matthews,Converse Medical Center,(420) 658-1567,linda98@example.org,Cardiology,WY,Converse
Leah Brown,Silver Bow General,(539) 100-8043,stephaniehale@example.org,Endocrinology,MT,Silver Bow
James Moody,OH Presbyterian Medical,(727) 973-9778,douglasryan@example.org,Pulmonology,OH,Summit
Robert Hunter,Hillsborough Community,(928) 688-6429,lisahenderson@example.net,Cardiology,NH,Hillsborough
Catherine Flores,Chambers Regional,(647) 287-9879,santosmarcus@example.com,Neurology,AL,Chambers
Eric Newman,De Kalb Medical Center,(091) 595-4496,ldodson@example.com,Psychiatry,AL,De Kalb
Gina Hendrix,AL General,(094) 051-3282,reyesgregory@example.net,Cardiology,AL,Butler
Chelsea Baker,Conecuh University Medical,(355) 889-7549,onealrandy@example.org,Pediatrics,AL,Conecuh
Rebecca Woods,AL Health System,(100) 223-1008,wilsonsamantha@example.org,Gastroenterology,AL,Lawrence
David Fischer,Oneida Baptist Medical,(297) 648-8954,jayhansen@example.org,Cardiology,WI,Oneida
Vincent Hardin,Sullivan Memorial,(281) 042-5176,jamescoleman@example.com,Cardiology,NH,Sullivan
Julie Robinson,Natrona General,(085) 898-8035,joycealexander@example.net,Oncology,WY,Natrona
Maria Williams,AL Community,(292) 760-2017,bartonmichael@example.com,Gastroenterology,AL,Cherokee
Destiny Bates,OH Memorial,(633) 444-3167,peggy50@example.com,Psychiatry,OH,Holmes
Willie Wells,AL Baptist Medical,(617) 901-4683,jonathannelson@example.com,Psychiatry,AL,Bibb
James Evans,NH Medical Center,(694) 215-6696,lisa33@example.com,Psychiatry,NH,Strafford
Eric Hernandez,Buffalo Health System,(077) 521-9469,brittany48@example.net,Endocrinology,WI,Buffalo
Stephanie Brown,WY Baptist Medical,(370) 152-8785,briana40@example.com,Cardiology,WY,Park
Margaret Solis,WY Medical Center,(564) 448-6688,wilsonchristopher@example.net,Neurology,WY,Hot Springs
Jonathan West,Campbell Presbyterian Medical,(797) 488-0496,jessicadunlap@example.net,Pediatrics,WY,Campbell
Savannah Wilson,Granite Presbyterian Medical,(869) 334-7249,helenhuerta@example.com,Neurology,MT,Granite
Jennifer Davis,Holmes University Medical,(020) 331-2864,andrew13@example.com,Psychiatry,OH,Holmes
Brenda Stewart,Henry Health System,(399) 367-2435,wcarson@example.net,Orthopedics,AL,Henry
Susan Jones MD,OH University Medical,(294) 659-3115,jennifersparks@example.org,Neurology,OH,Stark
Marcus Cabrera,NH University Medical,(234) 053-7726,evansjoseph@example.com,Pediatrics,NH,Coos
John Williams,OH Baptist Medical,(624) 245-8501,robert74@example.com,Orthopedics,OH,Holmes
Felicia Garcia,Adams Presbyterian Medical,(183) 584-0554,jordan72@example.org,Cardiology,WI,Adams
Kimberly Hernandez,NH Health System,(743) 290-4889,nicole77@example.org,Orthopedics,NH,Sullivan
Brenda Steele,WI Medical Center,(771) 590-6480,chavezbrandon@example.org,Pediatrics,WI,Dunn
Sandra Cowan,Carbon Presbyterian Medical,(167) 805-5885,myerswanda@example.com,Dermatology,WY,Carbon
Brandon Conley,Hale Community,(886) 176-8844,patriciaadams@example.com,Pediatrics,AL,Hale
Cody Wolfe,Saint Michael Medical,(250) 450-3990,ryan05@example.org,Psychiatry,AL,Jefferson
Ryan Bean,Saint Peter Medical,(146) 336-5159,xholloway@example.net,Oncology,AL,Marion
Dawn Cross,OH Baptist Medical,(227) 604-4001,xrobinson@example.net,Pulmonology,OH,Wayne
Danielle Lee,Cheshire General,(699) 479-1003,hollyolson@example.org,Gastroenterology,NH,Cheshire
James Ashley,Sheridan University Medical,(760) 462-0101,seansanders@example.org,Pediatrics,WY,Sheridan
Kathryn Khan DDS,Pondera Regional,(422) 582-9139,christinamyers@example.com,Endocrinology,MT,Pondera
Derek Mccarty,NH University Medical,(860) 224-6546,wayne82@example.com,Pulmonology,NH,Cheshire
Crystal Lucas,Buffalo University Medical,(961) 804-2977,deannadiaz@example.net,Psychiatry,WI,Buffalo
Crystal Chapman,Adams Baptist Medical,(017) 935-0618,jennifer06@example.org,Orthopedics,WI,Adams
Evelyn Hull,Saint Joseph Medical,(721) 429-8950,fking@example.org,Dermatology,WY,Platte
Mariah Willis,WI Memorial,(024) 065-2958,donald50@example.org,Psychiatry,WI,Marathon
Courtney Reed,AL University Medical,(602) 459-5636,robert80@example.org,Dermatology,AL,Elmore
Catherine Holland,AL University Medical,(196) 079-5477,brownmichael@example.org,Gastroenterology,AL,Macon
Mark Gardner,Burnett Community,(192) 661-3246,sheila41@example.net,Psychiatry,WI,Burnett
Yesenia Guzman,WY University Medical,(420) 452-0632,xthomas@example.org,Psychiatry,WY,Sheridan
Lindsay Barrett,MT Medical Center,(214) 931-3554,vhenderson@example.org,Orthopedics,MT,Stillwater
Daniel Burton,Lauderdale Medical Center,(221) 224-2353,davischristopher@example.org,Pediatrics,AL,Lauderdale
Michael Bailey,Hot Springs General,(565) 455-1856,laurenblack@example.com,Gastroenterology,WY,Hot Springs
Tracy Welch,MT Medical Center,(279) 655-6140,jessica76@example.net,Psychiatry,MT,Gallatin
Timothy Evans,Teton Regional,(785) 053-4307,andrea49@example.com,Psychiatry,WY,Teton
Darryl Avila,WY Regional,(293) 873-2480,troy98@example.net,Dermatology,WY,Hot Springs
Alexandra Barnett,Saint Joseph Medical,(823) 996-0711,lbooker@example.net,Oncology,AL,Wilcox
Katherine Davis,Meagher Memorial,(162) 270-5545,sophiaconley@example.com,Endocrinology,MT,Meagher
John Campos,Powell Presbyterian Medical,(543) 845-3859,stephen64@example.com,Pediatrics,MT,Powell
George Hernandez,MT University Medical,(938) 738-7185,nicolemclaughlin@example.net,Psychiatry,MT,Carter
Michael Hawkins,Rockingham Health System,(386) 866-0405,peter11@example.org,Orthopedics,NH,Rockingham
Andrew Rose,Hot Springs Health System,(382) 435-0538,alyssa49@example.org,Gastroenterology,WY,Hot Springs
Kevin Baker,WY Health System,(878) 145-1811,mendozadebra@example.com,Orthopedics,WY,Park
Frank Rodriguez,Holmes Regional,(330) 276-1404,judithmooney@example.org,Pediatrics,OH,Holmes
Rose Morgan,OH Community,(324) 344-7292,mortonpamela@example.com,Gastroenterology,OH,Holmes
Ryan Moore,Dodge Community,(440) 869-0471,schneiderelizabeth@example.net,Pulmonology,WI,Dodge
Brittney Castro,WI Presbyterian Medical,(523) 180-0571,deborah95@example.net,Psychiatry,WI,Lincoln
Cheryl Weber,WY University Medical,(181) 315-1209,perryjocelyn@example.com,Orthopedics,WY,Niobrara
Jonathon Lee,WI Medical Center,(302) 732-9109,frankwilliams@example.com,Cardiology,WI,Marathon
Nicholas Montes,NH Regional,(059) 439-6586,yadams@example.com,Orthopedics,NH,Hillsborough
Shannon Conrad,Hillsborough Regional,(751) 814-2843,holmesmary@example.com,Psychiatry,NH,Hillsborough
Susan Gilbert,OH Community,(971) 698-1182,heather16@example.net,Endocrinology,OH,Summit
Keith Dickson,NH Memorial,(269) 596-0097,hbailey@example.net,Neurology,NH,Hillsborough
Natalie Dodson,WY Health System,(137) 925-7467,qhopkins@example.com,Cardiology,WY,Natrona
Devon Marshall,Barron University Medical,(831) 121-1600,mary39@example.net,Pulmonology,WI,Barron
Sandra Martin,Saint Joseph Medical,(658) 938-2422,ernest27@example.com,Endocrinology,WI,Taylor
Mary Jenkins,AL Community,(328) 936-9050,nerickson@example.com,Psychiatry,AL,Conecuh
Jared Gonzalez,Covington Memorial,(729) 259-9453,stevenallen@example.org,Neurology,AL,Covington
Monica Spence,Rockingham Medical Center,(212) 579-3236,cathy83@example.org,Cardiology,NH,Rockingham
Monica Montoya,NH Baptist Medical,(541) 557-0444,whitesheryl@example.net,Psychiatry,NH,Merrimack
Christina Garcia,MT Community,(736) 801-9057,vfoley@example.net,Cardiology,MT,Garfield
Marissa Byrd,Sullivan Medical Center,(854) 876-2958,james23@example.net,Pulmonology,NH,Sullivan
Jamie Anderson,Rusk Medical Center,(028) 885-5894,timothyboyd@example.org,Pulmonology,WI,Rusk
James Carter,Carbon Regional,(554) 652-6168,osampson@example.com,Neurology,WY,Carbon
Spencer Howard,Clarke Baptist Medical,(617) 386-1385,dmartin@example.com,Dermatology,AL,Clarke
Joshua Daniels,Carroll General,(105) 078-1956,sheila24@example.net,Orthopedics,NH,Carroll
Christopher Johnson,Perry Presbyterian Medical,(242) 576-4902,caleb09@example.org,Endocrinology,AL,Perry
Robert Sanchez,AL Presbyterian Medical,(705) 173-5366,danielmitchell@example.org,Cardiology,AL,Wilcox
Dana Jenkins,Tuscarawas General,(116) 794-4939,george16@example.net,Cardiology,OH,Tuscarawas
Shelby Perez,OH Regional,(214) 158-0368,johnsonshannon@example.com,Orthopedics,OH,Wayne
Brian Davidson,Mccone University Medical,(055) 157-6744,hectordavis@example.org,Psychiatry,MT,Mccone
Brandon Burns,MT University Medical,(808) 863-8847,joshua07@example.net,Psychiatry,MT,Sweet Grass
Jennifer Johnson,MT Memorial,(607) 048-8043,kimberlyhopkins@example.net,Gastroenterology,MT,Granite
Jennifer Harrison,Saint Mary Medical,(174) 048-8264,mark27@example.com,Gastroenterology,AL,Randolph
Shelley Young,AL Community,(200) 154-6318,christianparrish@example.org,Psychiatry,AL,Conecuh
David Fowler,Silver Bow Health System,(449) 345-7655,kristin30@example.com,Pulmonology,MT,Silver Bow
Timothy Hernandez,Sheridan Community,(845) 687-6527,kelly74@example.org,Endocrinology,WY,Sheridan
Craig Salinas,Summit Regional,(715) 813-3006,dorseywendy@example.com,Endocrinology,OH,Summit
Jacob Shepherd,WI Medical Center,(427) 890-9558,michaelmarshall@example.net,Neurology,WI,Langlade
Jonathan Atkinson,NH General,(789) 411-9220,amacdonald@example.net,Oncology,NH,Rockingham
Timothy Brown,Rockingham General,(516) 600-0859,sandovalashley@example.com,Pediatrics,NH,Rockingham
Sally Huffman,Lincoln General,(867) 624-4069,williamslaura@example.com,Pulmonology,MT,Lincoln
Patrick Hamilton,OH University Medical,(633) 877-3954,richardsonmelanie@example.org,Cardiology,OH,Tuscarawas
Cheryl Torres,Summit Health System,(657) 153-6558,ataylor@example.com,Psychiatry,OH,Summit
Christine Hall,Saint Francis Medical,(005) 832-5536,nmoore@example.net,Psychiatry,WI,Wood
Adam Knapp,Summit Health System,(971) 819-3755,brownjamie@example.com,Dermatology,OH,Summit
Mary Riddle,AL Community,(257) 423-2607,williamsjulie@example.net,Pediatrics,AL,Elmore
Gail Pearson,Carroll Regional,(059) 002-6940,jamesmarquez@example.net,Pediatrics,OH,Carroll
Amanda Barker,Custer Regional,(143) 619-8607,taylormichael@example.com,Orthopedics,MT,Custer
Jimmy Wallace,MT Community,(649) 267-7816,markgonzalez@example.org,Pulmonology,MT,Chouteau
Heather Yang,Tuscarawas University Medical,(271) 653-8603,perezcheryl@example.org,Neurology,OH,Tuscarawas
Mary Griffith,WI Medical Center,(735) 545-9677,cynthiajohnson@example.net,Oncology,WI,Burnett
Shannon Carter,Saint Mary Medical,(404) 084-0480,patrickmiguel@example.org,Pediatrics,AL,Montgomery
Samantha Bailey,Richland Memorial,(132) 715-3233,lgillespie@example.net,Gastroenterology,MT,Richland
Tara Hill,WI Health System,(646) 680-8990,michael16@example.com,Dermatology,WI,Rusk
Jerry Lee,NH Medical Center,(119) 058-2523,thomascarolyn@example.net,Endocrinology,NH,Merrimack
Robert Rosales,Wayne Baptist Medical,(478) 873-8798,victoria06@example.com,Oncology,OH,Wayne
Aaron Jones,MT Memorial,(592) 427-0207,collinsmicheal@example.net,Pulmonology,MT,Golden Valley
Jamie Flores,Fergus Medical Center,(327) 457-3030,carterbrandon@example.org,Pulmonology,MT,Fergus
Carl Boyd,Price Community,(362) 695-9512,sylviadrake@example.com,Pediatrics,WI,Price
Scott Castillo,Weston Health System,(524) 533-4147,rsellers@example.org,Pulmonology,WY,Weston
Alicia Fleming,Jackson General,(222) 536-4054,bgoodwin@example.net,Gastroenterology,AL,Jackson
Terri Holt,Wayne University Medical,(751) 955-4442,rodriguezbrian@example.org,Pulmonology,OH,Wayne
Mr. Ryan Murphy DDS,Lincoln Regional,(097) 825-8861,dthomas@example.org,Psychiatry,WY,Lincoln
Benjamin Wolfe,MT General,(741) 691-3517,deanbarajas@example.com,Cardiology,MT,Sanders
Jay Mora,NH Medical Center,(066) 993-9926,idaniels@example.com,Psychiatry,NH,Cheshire
Chelsea Sanchez,MT Community,(289) 324-0946,michael64@example.net,Oncology,MT,Sanders
Ruben Bolton,AL General,(563) 905-2293,frazierdustin@example.org,Cardiology,AL,Colbert
Jennifer Sims,Geneva Presbyterian Medical,(227) 759-8148,edward94@example.org,Endocrinology,AL,Geneva
Katrina Miller,Strafford Community,(187) 237-3988,richardmccullough@example.com,Gastroenterology,NH,Strafford
Cindy Villanueva,WY Medical Center,(405) 999-7709,andrew47@example.org,Pulmonology,WY,Platte
Elizabeth Ramirez,Saint Michael Medical,(987) 691-3496,freemanmegan@example.net,Pulmonology,OH,Stark
Sara Garcia,MT University Medical,(554) 600-3472,brett27@example.net,Orthopedics,MT,Prairie
Nancy Carter,Jackson Medical Center,(733) 371-7664,mdavis@example.org,Pediatrics,WI,Jackson
Karen Marshall,Walker Community,(580) 953-9197,hickmanamy@example.com,Orthopedics,AL,Walker
Andre Johnston,Daniels Memorial,(791) 953-5422,shawn12@example.org,Neurology,MT,Daniels
Michele Jones,NH General,(075) 033-5189,lindseyesparza@example.org,Pediatrics,NH,Rockingham
Stephanie Morris,OH General,(699) 063-5028,savannah22@example.com,Pediatrics,OH,Stark
Brian Warren,WY General,(882) 183-0204,wkennedy@example.com,Neurology,WY,Natrona
Bethany Daniel,Rockingham Health System,(167) 627-0940,robertsjames@example.net,Cardiology,NH,Rockingham
Lindsey Terrell,Holmes Health System,(143) 471-5612,ugonzalez@example.net,Gastroenterology,OH,Holmes
Katherine Rivera,Tuscarawas Community,(702) 741-4714,brian79@example.org,Orthopedics,OH,Tuscarawas
Darlene Hawkins,Tuscarawas Presbyterian Medical,(422) 612-1032,fsmith@example.org,Oncology,OH,Tuscarawas
Jean Fox,Cleburne Medical Center,(466) 589-6471,iwilliams@example.net,Psychiatry,AL,Cleburne
Jennifer Cummings,NH Baptist Medical,(734) 281-8713,shernandez@example.org,Oncology,NH,Strafford
Robert Morris,WI Memorial,(235) 918-3051,pdavis@example.org,Orthopedics,WI,Barron
Christine Henderson,Saint Francis Medical,(858) 721-9499,qmccullough@example.net,Dermatology,WI,Langlade
Matthew Maddox,Saint Joseph Medical,(369) 735-1027,alvarezmatthew@example.org,Pediatrics,NH,Coos
Tara Ferguson,Hot Springs Baptist Medical,(414) 168-7195,tortiz@example.com,Pulmonology,WY,Hot Springs
Lisa Ward,NH University Medical,(812) 486-7937,michael24@example.org,Endocrinology,NH,Rockingham
Jessica Buchanan,Pickens Community,(415) 056-5976,collinsjasmin@example.org,Cardiology,AL,Pickens
Richard Johnson,Price Presbyterian Medical,(662) 710-4997,sheilarios@example.net,Oncology,WI,Price
David Carter,OH University Medical,(643) 554-2930,hgallagher@example.com,Dermatology,OH,Wayne
Bonnie Estrada,Carroll Baptist Medical,(353) 169-8349,rodriguezchristina@example.net,Psychiatry,NH,Carroll
Cynthia Gonzalez,Saint Paul Medical,(702) 484-1104,edward27@example.org,Psychiatry,WY,Converse
Teresa Lewis,WY Baptist Medical,(965) 365-2203,michael90@example.com,Dermatology,WY,Sweetwater
Miss Mary Thomas,WI University Medical,(675) 474-0620,xmartinez@example.net,Endocrinology,WI,Pepin
Brian Wise,OH Baptist Medical,(635) 144-2753,kimberlyjohnson@example.org,Dermatology,OH,Tuscarawas
Lindsey Best,MT Health System,(720) 087-6816,carol41@example.org,Pulmonology,MT,Richland
Michael Johnson,OH General,(938) 705-0744,melissa34@example.net,Cardiology,OH,Carroll
Jonathan Moore,Coos Memorial,(609) 082-1120,townsendmatthew@example.com,Orthopedics,NH,Coos
Teresa Hawkins,Carroll University Medical,(106) 096-7864,anthony69@example.net,Neurology,NH,Carroll
Michael Smith,Saint Peter Medical,(320) 767-9266,isaiah86@example.org,Gastroenterology,WI,Dunn
Patricia Pittman,Sumter Community,(138) 828-8725,gward@example.com,Cardiology,AL,Sumter
Larry Smith,NH Community,(455) 317-6801,kathrynhodges@example.com,Cardiology,NH,Carroll
Erin Diaz,Houston Memorial,(837) 799-4531,cruzalexis@example.net,Endocrinology,AL,Houston
Jeffrey Bowen,WY Regional,(913) 806-4132,robin40@example.com,Pediatrics,WY,Platte
Christopher Brewer,Sumter Memorial,(260) 610-4457,cindy17@example.com,Dermatology,AL,Sumter
Rita Howard MD,Big Horn Medical Center,(357) 268-6519,wsmith@example.org,Cardiology,MT,Big Horn
Tiffany Golden,Sullivan Regional,(178) 544-9215,kingsamantha@example.com,Neurology,NH,Sullivan
Kevin Flynn,Autauga Presbyterian Medical,(567) 848-5402,stephenrangel@example.org,Gastroenterology,AL,Autauga
Betty Thompson,WY Community,(620) 955-4239,mary79@example.net,Orthopedics,WY,Hot Springs
Shirley Fox,Iron Baptist Medical,(953) 368-5672,toni19@example.net,Psychiatry,WI,Iron
Brandi Kelly,Taylor University Medical,(409) 057-1140,matthew27@example.org,Pediatrics,WI,Taylor
Joseph Johnson,NH Health System,(881) 067-3753,brookebenton@example.net,Dermatology,NH,Belknap
Patrick Ramos,Sullivan Community,(952) 100-9030,obrienrichard@example.com,Dermatology,NH,Sullivan
Amy Benitez,Dunn Presbyterian Medical,(045) 289-7349,xschultz@example.org,Orthopedics,WI,Dunn
Stephen Davis,Hill Baptist Medical,(702) 117-1560,zbanks@example.net,Gastroenterology,MT,Hill
Rachel Lopez,Judith Basin Baptist Medical,(668) 668-8846,orios@example.org,Neurology,MT,Judith Basin
Renee Tucker,Tallapoosa Community,(175) 866-0264,bridgeskyle@example.org,Orthopedics,AL,Tallapoosa
Nicholas Cooper,Chambers Community,(546) 088-3800,wallveronica@example.org,Oncology,AL,Chambers
Joshua Keller,OH Baptist Medical,(364) 914-2489,mckinneymike@example.net,Endocrinology,OH,Wayne
Walter Simpson,WI Regional,(473) 370-4533,donald63@example.net,Endocrinology,WI,Dunn
Jeffrey Gomez,Merrimack Health System,(236) 329-0221,usmith@example.com,Gastroenterology,NH,Merrimack
Jason Cook,Saint John Medical,(470) 887-4091,kscott@example.com,Endocrinology,WY,Campbell
Evelyn Diaz,Cheshire University Medical,(426) 004-8271,carolcollins@example.org,Oncology,NH,Cheshire
Nathan Lam,Waushara Memorial,(262) 352-2334,eboyd@example.net,Dermatology,WI,Waushara
Christian Dunn,Gallatin Community,(225) 193-8621,ronaldreilly@example.com,Psychiatry,MT,Gallatin
Seth Owens,Dallas Memorial,(585) 374-2671,dana14@example.net,Orthopedics,AL,Dallas
Darren Casey,Judith Basin Memorial,(858) 360-0652,leonchris@example.org,Psychiatry,MT,Judith Basin
Christopher Christensen,WY Baptist Medical,(029) 864-4738,samantha51@example.net,Pediatrics,WY,Teton
Andrea Bailey,OH Medical Center,(634) 995-9697,alyssa44@example.net,Pediatrics,OH,Stark
Matthew Montoya,WI Regional,(408) 222-3314,matthewmorrison@example.com,Endocrinology,WI,Clark
Jacob Smith,WI Presbyterian Medical,(450) 229-8527,angela66@example.org,Orthopedics,WI,Oneida
Melissa Stephens,Chippewa General,(089) 704-4970,jonesdarrell@example.org,Orthopedics,WI,Chippewa
Daniel Patterson,OH Memorial,(370) 821-0560,tjenkins@example.com,Gastroenterology,OH,Wayne
Matthew Harper,WY Regional,(514) 439-7806,amanda43@example.com,Orthopedics,WY,Sublette
Mark Pacheco,Saint Paul Medical,(912) 405-9997,angela52@example.net,Psychiatry,WI,Shawano
Alex Stevens,Saint John Medical,(261) 113-4273,tammy27@example.net,Neurology,OH,Summit
Courtney Moore,OH Medical Center,(127) 180-6462,reedjoseph@example.net,Endocrinology,OH,Holmes
Jennifer Jackson,Carroll Health System,(056) 063-1592,norriskimberly@example.com,Cardiology,NH,Carroll
Jason Huerta,Tuscarawas Regional,(696) 168-4169,laura53@example.net,Neurology,OH,Tuscarawas
Eric Martinez,WI Memorial,(557) 580-2287,jamesdavis@example.org,Gastroenterology,WI,Florence
Thomas Lopez,Belknap Baptist Medical,(829) 411-9187,moorethomas@example.org,Oncology,NH,Belknap
Hannah Sutton,OH Presbyterian Medical,(503) 542-2773,tylerandrew@example.org,Orthopedics,OH,Stark
Jennifer Carey,Rockingham Baptist Medical,(802) 333-6021,rjones@example.com,Pulmonology,NH,Rockingham
Natasha Hebert,WI Baptist Medical,(329) 489-9984,udeleon@example.net,Gastroenterology,WI,Price
Wendy Tate,AL Community,(950) 450-8678,gregory70@example.net,Pulmonology,AL,Choctaw
Kent Henry,Carroll Baptist Medical,(810) 327-6527,brian39@example.net,Pulmonology,OH,Carroll
Adriana Jimenez,Ravalli Regional,(915) 462-7524,ubranch@example.org,Pulmonology,MT,Ravalli
Leslie Barnes,MT General,(314) 376-7435,elizabethevans@example.net,Oncology,MT,Golden Valley
Catherine Smith,Sweetwater Baptist Medical,(090) 000-5452,leahgraham@example.com,Pediatrics,WY,Sweetwater
Scott Rich,AL General,(937) 200-2841,judyclay@example.org,Neurology,AL,Dallas
Andrea Cruz,OH Regional,(553) 368-3463,xdixon@example.org,Orthopedics,OH,Wayne
David Mills,OH General,(406) 605-5835,stephanie39@example.net,Orthopedics,OH,Tuscarawas
Courtney Jackson,Saint Paul Medical,(312) 896-9519,umcknight@example.net,Pulmonology,MT,Wheatland
Scott Parker,OH Health System,(261) 543-0163,uhall@example.org,Endocrinology,OH,Wayne
Bernard Sullivan,AL General,(841) 079-0229,pmunoz@example.net,Dermatology,AL,Greene
Donna Moore,NH Community,(872) 999-3878,connercharles@example.net,Dermatology,NH,Belknap
Patty Jones,MT Health System,(430) 065-0209,wallerteresa@example.net,Pediatrics,MT,Chouteau
Brianna Collins,Carroll General,(797) 926-4838,barrettsean@example.com,Orthopedics,OH,Carroll
William Robinson,NH Memorial,(907) 787-8473,cindy10@example.org,Neurology,NH,Rockingham
Deborah Simpson,AL Community,(727) 668-4265,danielmathis@example.com,Pulmonology,AL,Chambers
Brenda Farmer,Summit Baptist Medical,(845) 373-8865,lindseystephanie@example.net,Pediatrics,OH,Summit
Christopher Neal,WI Health System,(062) 331-0360,transarah@example.net,Cardiology,WI,Jackson
Shelia Foster,MT Community,(139) 314-4541,frostkristin@example.org,Orthopedics,MT,Big Horn
Ashley Cox,NH Baptist Medical,(765) 091-5146,suttondouglas@example.com,Cardiology,NH,Cheshire
Julia Torres,MT Medical Center,(914) 439-1033,connermichael@example.net,Endocrinology,MT,Daniels
Jake Tate,Stark Community,(233) 485-8069,gonzalezmadison@example.net,Oncology,OH,Stark
Tamara Watson,Washburn Medical Center,(142) 041-4363,fhenry@example.net,Gastroenterology,WI,Washburn
Jasmine Anthony,Washakie Presbyterian Medical,(158) 853-9262,bergdenise@example.com,Dermatology,WY,Washakie
Mr. Richard Soto,Saint Mary Medical,(296) 564-9316,patrick68@example.org,Pediatrics,WY,Niobrara
Mark Greene,Saint Francis Medical,(913) 379-6373,sean66@example.org,Orthopedics,AL,Saint Clair
Susan Davis,Taylor Presbyterian Medical,(920) 482-2560,johnsoneric@example.net,Oncology,WI,Taylor
Garrett Smith,Broadwater Presbyterian Medical,(526) 497-4492,margaretfrancis@example.org,Cardiology,MT,Broadwater
Scott Carpenter,Strafford Baptist Medical,(124) 068-1637,pkrause@example.net,Dermatology,NH,Strafford
Matthew Zuniga,Saint John Medical,(452) 392-9300,kellymiller@example.com,Oncology,OH,Tuscarawas
Tracey Murray,Marshall Community,(119) 198-7332,johnsoncharles@example.net,Endocrinology,AL,Marshall
Anna Le,Carroll Community,(612) 356-2432,krista41@example.net,Orthopedics,OH,Carroll
Sarah James,OH General,(281) 962-5836,fanderson@example.net,Orthopedics,OH,Summit
Nicole Johnson,Wood General,(815) 404-0816,porterkyle@example.com,Orthopedics,WI,Wood
Lori Fields,Wayne Health System,(795) 370-3932,brandy74@example.org,Endocrinology,OH,Wayne
Suzanne Peck,MT Community,(791) 781-5093,mcguirejacob@example.org,Psychiatry,MT,Glacier
Andrea Holmes,Stark Baptist Medical,(056) 686-9874,joyce00@example.com,Pulmonology,OH,Stark
Carl Anderson,Elmore Community,(863) 133-2796,wwelch@example.org,Orthopedics,AL,Elmore
Mark Flynn,OH Baptist Medical,(269) 868-3306,jennifer63@example.net,Cardiology,OH,Summit
Timothy Hammond,Saint Paul Medical,(833) 214-9341,michaelhernandez@example.com,Neurology,WY,Uinta
Robert Myers,WY Memorial,(752) 699-5960,danielle38@example.org,Psychiatry,WY,Sheridan
Judy Davis,AL Health System,(972) 007-5975,nichole30@example.com,Neurology,AL,Marengo
David Norton,WY Presbyterian Medical,(943) 399-4272,spencer43@example.com,Gastroenterology,WY,Converse
Sara Buckley,WI General,(382) 701-9676,butlerchristopher@example.net,Pediatrics,WI,Menominee
Lisa Lopez,Custer Regional,(258) 093-7366,jeffreymiller@example.com,Psychiatry,MT,Custer
Wendy Fry,Iron Medical Center,(965) 496-1912,brandon09@example.net,Orthopedics,WI,Iron
Melissa Robinson,AL Medical Center,(375) 890-1810,hrodriguez@example.com,Orthopedics,AL,Crenshaw
Charles Anderson,MT University Medical,(426) 266-9124,sara58@example.org,Pulmonology,MT,Prairie
Eric Cabrera,Marshall Regional,(376) 217-1842,browncharles@example.org,Orthopedics,AL,Marshall
Donald Blackwell,AL Regional,(522) 267-5534,christopher32@example.net,Dermatology,AL,Randolph
Valerie Roberts,Buffalo Memorial,(006) 011-4870,paulobrien@example.com,Psychiatry,WI,Buffalo
Jesse Edwards,Saint Francis Medical,(623) 094-0454,janetlogan@example.net,Gastroenterology,AL,Lowndes
Diana Trujillo,WI Presbyterian Medical,(650) 490-3586,barbara10@example.org,Pulmonology,WI,Clark
Amanda Scott,AL Community,(649) 069-2922,fowlerwanda@example.net,Oncology,AL,Barbour
Sherri Mitchell,WY Health System,(851) 648-2497,leeantonio@example.net,Psychiatry,WY,Albany
Glenn Warner,Sheridan University Medical,(037) 276-9953,johnpotter@example.org,Pediatrics,WY,Sheridan
Jordan Hatfield,Silver Bow Community,(341) 740-2240,rebecca22@example.net,Neurology,MT,Silver Bow
James Avery,AL General,(076) 569-1004,howellthomas@example.com,Endocrinology,AL,Dale
Bethany Lee,Park Health System,(754) 019-6911,nnelson@example.org,Orthopedics,WY,Park
Whitney Flores,OH General,(771) 289-4879,alan08@example.org,Pediatrics,OH,Carroll
Helen Joseph,Shawano Regional,(856) 294-7983,jmitchell@example.net,Dermatology,WI,Shawano
Michelle Gonzales DVM,WY Medical Center,(326) 171-5617,scottolson@example.com,Psychiatry,WY,Laramie
Ian Garcia,WI Community,(959) 993-1117,xballard@example.org,Cardiology,WI,Chippewa
Erica Jones,Saint Mary Medical,(224) 261-7964,velasquezheather@example.org,Orthopedics,OH,Tuscarawas
Benjamin Wheeler,Saint Francis Medical,(905) 762-8054,sandravaldez@example.net,Endocrinology,NH,Rockingham
Joseph Koch,OH Memorial,(565) 207-3821,colemanryan@example.net,Orthopedics,OH,Tuscarawas
Taylor Terrell,Chilton Presbyterian Medical,(729) 026-4303,eguerrero@example.com,Dermatology,AL,Chilton
Morgan York,Coosa Health System,(935) 596-6992,sfitzpatrick@example.net,Oncology,AL,Coosa
Angela Combs,Strafford Health System,(902) 162-1084,travis29@example.org,Dermatology,NH,Strafford
Daniel Collins,MT Medical Center,(166) 579-0217,hillmichelle@example.com,Cardiology,MT,Liberty
Mark Forbes DVM,Carroll General,(171) 731-9495,millsjordan@example.net,Neurology,OH,Carroll
Ethan Peterson,Rockingham Baptist Medical,(519) 079-4278,nsmith@example.org,Pediatrics,NH,Rockingham
Jessica Duncan DDS,Missoula Community,(983) 624-9743,jarvisanna@example.com,Gastroenterology,MT,Missoula
Yolanda Acosta,Wayne Health System,(319) 479-3342,williamsmark@example.org,Endocrinology,OH,Wayne
Brett Cordova,Tuscaloosa Medical Center,(380) 485-9307,richard02@example.org,Oncology,AL,Tuscaloosa
Scott Williams,MT University Medical,(842) 331-6830,hayley50@example.net,Oncology,MT,Rosebud
Norma Thomas,WY Community,(854) 893-5272,doris93@example.org,Pediatrics,WY,Hot Springs
Emily Garcia,Sweet Grass Baptist Medical,(867) 865-2637,nwhite@example.org,Pediatrics,MT,Sweet Grass
Sherry Parker,Lincoln University Medical,(255) 084-2319,deanna86@example.org,Neurology,MT,Lincoln
Alicia Neal,Silver Bow Medical Center,(482) 635-1077,whitakermary@example.org,Oncology,MT,Silver Bow
Mrs. Alexandra Matthews,WI University Medical,(604) 037-9770,nancy53@example.com,Orthopedics,WI,Trempealeau
Michael Compton,Tuscarawas Regional,(667) 716-3202,kathyjones@example.org,Oncology,OH,Tuscarawas
Luis Rodriguez,Chouteau Presbyterian Medical,(361) 047-3398,rhernandez@example.org,Gastroenterology,MT,Chouteau
Carrie Weber,Saint Peter Medical,(995) 449-3284,ehuang@example.net,Pediatrics,WI,Waushara
Michael Sullivan,NH Health System,(069) 635-6995,davidporter@example.com,Pulmonology,NH,Strafford
Robert Holt,WI Baptist Medical,(091) 429-4552,xavier06@example.net,Gastroenterology,WI,Forest
Deborah Thomas,Hillsborough Presbyterian Medical,(903) 049-5780,leluis@example.com,Dermatology,NH,Hillsborough
Blake Cooke,Saint Francis Medical,(548) 770-6931,shermanjoshua@example.net,Dermatology,WI,Pepin
Arthur Wong,MT Community,(540) 875-8953,carolyn28@example.com,Neurology,MT,Big Horn
Heather Sullivan,WY Regional,(789) 050-4597,muellermegan@example.com,Oncology,WY,Sweetwater
Amy Davis,NH Medical Center,(028) 038-4364,usnyder@example.org,Orthopedics,NH,Coos
Alec Walters,AL Community,(829) 979-2029,george01@example.net,Orthopedics,AL,Crenshaw
Brandon Nelson,AL Regional,(268) 306-5101,john18@example.com,Cardiology,AL,Macon
Steven Davis,WY General,(791) 273-7942,kayleemorgan@example.com,Pediatrics,WY,Platte
Jessica Simpson,Barron Baptist Medical,(347) 940-5932,aliciaclark@example.org,Cardiology,WI,Barron
Stacey Miller,AL University Medical,(101) 312-2042,lindamartinez@example.org,Orthopedics,AL,Etowah
Tammy Ball,WI General,(642) 213-5098,pattersonethan@example.org,Pulmonology,WI,Marathon
Sandra Davis,Crook Memorial,(956) 631-1166,fandrews@example.org,Orthopedics,WY,Crook
Jonathan Wilcox MD,AL Presbyterian Medical,(108) 242-3397,bryantangela@example.com,Pulmonology,AL,Chambers
Janice Russell,Tuscarawas Regional,(814) 253-8814,figueroatravis@example.net,Orthopedics,OH,Tuscarawas
Jasmine Reed,AL Presbyterian Medical,(770) 965-9995,smithsamuel@example.com,Oncology,AL,Lee
Joseph Jones,Saint Paul Medical,(403) 679-9766,brendapeterson@example.com,Cardiology,NH,Rockingham
Edward Mcclain,WY Community,(009) 613-2496,reiddebra@example.net,Cardiology,WY,Uinta
Wayne Johnson,Holmes University Medical,(152) 855-3932,ryansusan@example.com,Gastroenterology,OH,Holmes
Kimberly Mccarthy,Merrimack Baptist Medical,(487) 305-0777,shawnroth@example.net,Gastroenterology,NH,Merrimack
Donna Poole,Chippewa Memorial,(738) 804-4345,lucas41@example.org,Pediatrics,WI,Chippewa
Victoria Campbell,Saint Francis Medical,(792) 230-8290,michaelperez@example.com,Neurology,WY,Hot Springs
Peter Glover,NH Baptist Medical,(868) 437-9487,morgancharles@example.net,Endocrinology,NH,Grafton
Joshua Macias,AL Medical Center,(835) 283-9930,colemanangelica@example.org,Dermatology,AL,Shelby
Christina Stone,OH General,(634) 687-5677,ujohnson@example.org,Pediatrics,OH,Stark
Jose Gomez,OH Medical Center,(577) 218-9265,ilawrence@example.net,Dermatology,OH,Summit
Emily Crawford,Saint John Medical,(758) 520-6978,benjamintodd@example.net,Neurology,MT,Toole
Kimberly Logan,OH Medical Center,(624) 495-6212,yhenry@example.org,Pulmonology,OH,Holmes
Tiffany Clark,NH Presbyterian Medical,(776) 087-6641,uyoung@example.com,Endocrinology,NH,Hillsborough
Amanda Brown,Saint Paul Medical,(785) 080-6822,kaylacruz@example.org,Gastroenterology,WI,Buffalo
Kyle Olson,Wayne General,(184) 818-3531,melanie39@example.com,Pediatrics,OH,Wayne
Christine Jacobs,Sheridan Regional,(866) 123-3872,ronald53@example.net,Gastroenterology,MT,Sheridan
Michael Myers,MT Medical Center,(685) 953-6653,michael22@example.net,Pulmonology,MT,Jefferson
Jerry Becker,Saint Peter Medical,(260) 025-0581,moorejohn@example.com,Endocrinology,WY,Converse
Deanna Wilson,Hot Springs Health System,(547) 355-3586,karibush@example.com,Oncology,WY,Hot Springs
Erica Williams MD,Shawano Memorial,(762) 441-5276,jamesmorales@example.org,Psychiatry,WI,Shawano
Patricia Bailey,Lincoln Community,(986) 952-0703,kaisermonica@example.net,Gastroenterology,MT,Lincoln
Thomas Spencer,Granite Baptist Medical,(263) 562-0644,katrinajones@example.org,Pediatrics,MT,Granite
Christine Washington,Iron Baptist Medical,(267) 958-1284,linda54@example.com,Orthopedics,WI,Iron
Jessica Brown,AL Medical Center,(577) 436-9959,michelle56@example.org,Pediatrics,AL,Cullman
Jamie Davis,OH Baptist Medical,(879) 855-5792,vasquezann@example.com,Pediatrics,OH,Holmes
Leslie Walker,Johnson Medical Center,(620) 725-7379,toddreynolds@example.net,Endocrinology,WY,Johnson
Benjamin Howell,Madison Baptist Medical,(334) 482-1266,tayloranthony@example.net,Neurology,AL,Madison
Nicholas Mcgee,MT Presbyterian Medical,(516) 978-6707,amartinez@example.com,Dermatology,MT,Sanders
Todd Edwards,MT University Medical,(270) 219-3810,gilbertmichaela@example.com,Cardiology,MT,Silver Bow
Jeffrey Coleman,Saint Mary Medical,(888) 930-8135,ddavidson@example.net,Pediatrics,WY,Niobrara
Pamela Coleman,Shelby Presbyterian Medical,(485) 837-5397,jacobbishop@example.org,Oncology,AL,Shelby
Francisco Parker,Lincoln University Medical,(896) 313-7104,lrobinson@example.net,Endocrinology,WY,Lincoln
Stephen Taylor,Rusk Community,(568) 644-0049,jobrien@example.net,Neurology,WI,Rusk
Heidi Mendez,Grafton Presbyterian Medical,(235) 088-8648,daniel07@example.com,Orthopedics,NH,Grafton
Kayla Harrell,Fremont Health System,(601) 884-6659,gsmith@example.org,Gastroenterology,WY,Fremont
Jennifer Cook,Sublette General,(147) 142-6400,joshuafischer@example.org,Oncology,WY,Sublette
Travis Robbins,WY Presbyterian Medical,(781) 874-3110,jacobcraig@example.org,Endocrinology,WY,Johnson
Andrew Singleton,Blaine Regional,(578) 904-6148,wcosta@example.com,Dermatology,MT,Blaine
Paul Mccoy,OH Regional,(147) 865-1181,jeremy86@example.net,Dermatology,OH,Summit
Wendy Higgins,Saint John Medical,(981) 094-2897,silvascott@example.org,Endocrinology,AL,Clay
Ryan Clark,WI Presbyterian Medical,(701) 337-8754,elizabethjohnson@example.org,Dermatology,WI,Ashland
Paul Riley,Florence Community,(643) 316-5421,summersmith@example.org,Psychiatry,WI,Florence
Debbie Cabrera,Houston University Medical,(376) 688-4593,xjohnson@example.org,Pediatrics,AL,Houston
Mr. Kevin Lane,Goshen Community,(228) 527-3688,brittanywatson@example.net,Neurology,WY,Goshen
Matthew Miller,NH Medical Center,(857) 792-0146,davissarah@example.net,Endocrinology,NH,Merrimack
Teresa King,Tuscarawas Community,(790) 987-4095,mmurphy@example.org,Neurology,OH,Tuscarawas
Laura Brown,WY Baptist Medical,(990) 441-1292,parkerbrendan@example.net,Orthopedics,WY,Fremont
Mary May,Douglas General,(475) 663-6350,toni15@example.net,Pulmonology,WI,Douglas
Phillip Nelson,Coosa University Medical,(150) 516-1968,tamaracole@example.org,Psychiatry,AL,Coosa
Katherine Hines,WY Medical Center,(229) 858-1305,williamyoder@example.org,Pediatrics,WY,Park
Fernando King,Saint Peter Medical,(760) 997-7036,jjones@example.com,Endocrinology,NH,Coos
Shannon Perez,Hillsborough Community,(114) 258-4222,wgarza@example.net,Neurology,NH,Hillsborough
Jennifer Clark,Ashland Baptist Medical,(435) 927-5878,jennifer09@example.org,Orthopedics,WI,Ashland
Mckenzie Fox,Rusk Presbyterian Medical,(247) 076-8821,vargastracy@example.net,Oncology,WI,Rusk
Juan Francis,MT Medical Center,(683) 139-9076,cody34@example.com,Orthopedics,MT,Sanders
Susan Edwards,Choctaw Presbyterian Medical,(310) 398-1114,gregorystanton@example.com,Pulmonology,AL,Choctaw
Dalton Vega,MT Medical Center,(446) 095-4946,ortegajulia@example.org,Neurology,MT,Teton
Dustin Jackson Jr.,OH Baptist Medical,(873) 420-8722,gsanders@example.net,Neurology,OH,Stark
Anthony Garcia,MT Memorial,(055) 100-2100,michael26@example.org,Gastroenterology,MT,Silver Bow
Tara Mitchell,MT Baptist Medical,(846) 893-4896,nathanarmstrong@example.com,Endocrinology,MT,Musselshell
Latoya Reed,Washington Regional,(545) 135-4547,brandigarcia@example.org,Endocrinology,AL,Washington
Michael Stout,Waushara Presbyterian Medical,(612) 536-2090,gjohnson@example.org,Oncology,WI,Waushara
Michael Hawkins,NH Medical Center,(564) 861-7508,patrick56@example.org,Endocrinology,NH,Hillsborough
Kimberly Anderson,Treasure General,(946) 101-5084,teresa84@example.com,Endocrinology,MT,Treasure
Travis Farrell,Madison Baptist Medical,(251) 480-8142,luis83@example.org,Cardiology,AL,Madison
Megan Kennedy,WY Memorial,(190) 008-9710,smithanthony@example.net,Gastroenterology,WY,Platte
Mr. Paul Williams,Talladega University Medical,(384) 561-7963,ronald99@example.org,Pulmonology,AL,Talladega
Alicia Owens,WY Medical Center,(736) 841-3072,william64@example.org,Pulmonology,WY,Teton
Jeffrey Howard,AL General,(143) 977-8957,muellerlaura@example.net,Oncology,AL,Barbour
Nicholas Oneal,NH Baptist Medical,(842) 170-2683,timothy93@example.org,Neurology,NH,Merrimack
Jeremy Johnston,Pickens Regional,(754) 452-6717,qcarter@example.org,Orthopedics,AL,Pickens
Justin Bolton,Wilcox Memorial,(178) 320-1879,fherrera@example.net,Neurology,AL,Wilcox
Anthony Mcgee,Carroll General,(003) 282-4420,jillwilson@example.net,Dermatology,OH,Carroll
Mr. Wayne Davis,WI Baptist Medical,(547) 107-5051,beckermatthew@example.org,Neurology,WI,Taylor
Stephanie Gonzalez,WI Community,(858) 425-3884,amurphy@example.com,Oncology,WI,Langlade
Daniel Bryant,WI General,(057) 626-4807,ncarpenter@example.org,Pediatrics,WI,Portage
Brendan Willis,OH General,(836) 116-3649,fgutierrez@example.net,Pediatrics,OH,Tuscarawas
Kelly Cruz,NH Health System,(929) 187-6819,debbiegonzalez@example.net,Psychiatry,NH,Grafton
Aaron Evans,MT Regional,(421) 954-4032,ajones@example.org,Neurology,MT,Park
Jill Garcia,OH Baptist Medical,(280) 376-2456,tonidavid@example.com,Psychiatry,OH,Carroll
Pam Brown,NH Baptist Medical,(281) 908-4312,patriciafarley@example.net,Neurology,NH,Cheshire
Stephanie Turner,Sublette Presbyterian Medical,(083) 589-8947,dawn81@example.org,Oncology,WY,Sublette
Megan Gutierrez,AL General,(381) 329-0445,mwiley@example.com,Oncology,AL,Sumter
Amber Flowers,WY Community,(084) 459-1809,davidrocha@example.com,Pulmonology,WY,Converse
Yolanda Cabrera,Taylor Community,(732) 732-4221,nataliereynolds@example.net,Endocrinology,WI,Taylor
Jason Watkins,AL Medical Center,(474) 958-7662,lee53@example.net,Neurology,AL,De Kalb
Joseph Jones,Sullivan Baptist Medical,(231) 166-0317,madisonmitchell@example.com,Cardiology,NH,Sullivan
Michael Guerrero,Cheshire Presbyterian Medical,(375) 947-5817,xrios@example.net,Gastroenterology,NH,Cheshire
Arthur Mitchell,Saint Mary Medical,(105) 945-1516,cooksabrina@example.org,Dermatology,WY,Weston
Brent Hahn,Fremont Health System,(802) 094-7629,youngadrian@example.net,Psychiatry,WY,Fremont
Jenna Proctor,WI Memorial,(136) 275-4003,walkerjade@example.net,Endocrinology,WI,Dunn
Katrina Rivera,Saint Mary Medical,(715) 186-6163,xwebb@example.com,Neurology,MT,Petroleum
Robert Phillips,Saint Peter Medical,(920) 062-8458,laura99@example.net,Orthopedics,WY,Sheridan
Isaiah Massey,Sullivan Regional,(104) 477-7947,regina73@example.com,Pulmonology,NH,Sullivan
Cody Gardner,Saint Michael Medical,(209) 240-1764,vdominguez@example.net,Pediatrics,OH,Carroll
Jennifer Ho,Adams Health System,(231) 812-5288,dwalker@example.org,Gastroenterology,WI,Adams
Richard Lee,NH Medical Center,(848) 821-2447,michaelgibson@example.net,Oncology,NH,Coos
Amanda Baird,Saint John Medical,(479) 454-8475,kevin84@example.net,Dermatology,WI,Waushara
Joyce Hamilton,WY Community,(277) 292-0244,hendersoncynthia@example.com,Pediatrics,WY,Albany
Lisa Dunlap,Fayette Community,(397) 787-2726,baileystephanie@example.net,Neurology,AL,Fayette
Robert Scott,Escambia General,(003) 307-7201,lramirez@example.com,Orthopedics,AL,Escambia
Melissa Ross,Teton Baptist Medical,(558) 104-8400,hamptontami@example.org,Oncology,MT,Teton
Phillip Rocha,Coos University Medical,(875) 109-7613,uspears@example.com,Gastroenterology,NH,Coos
Seth Li,WY Medical Center,(774) 409-4839,qwilkinson@example.org,Endocrinology,WY,Uinta
Adam Russell,Summit Regional,(497) 724-2325,leejasmine@example.com,Psychiatry,OH,Summit
Kim Norman,WY Medical Center,(041) 792-3084,ballwalter@example.org,Neurology,WY,Sublette
Joel Bailey,Hillsborough Memorial,(577) 179-7117,saragomez@example.org,Pediatrics,NH,Hillsborough
Jenna Foster,Stark Medical Center,(324) 754-8068,iwebb@example.com,Endocrinology,OH,Stark
Deanna Daniel,OH General,(564) 219-6782,timothyjohnson@example.net,Neurology,OH,Holmes
James Wilson,Rockingham University Medical,(086) 704-3726,jenniferwhite@example.com,Pediatrics,NH,Rockingham
Lucas Cruz,Sheridan Medical Center,(982) 697-4345,teresarodriguez@example.net,Pulmonology,WY,Sheridan
Megan King,Tuscarawas University Medical,(855) 263-8093,iolson@example.com,Gastroenterology,OH,Tuscarawas
Emily House,OH General,(500) 631-5175,dustinhoffman@example.net,Cardiology,OH,Carroll
Robin Flowers,WI Memorial,(213) 868-4648,huffkyle@example.org,Orthopedics,WI,Lincoln
John Gomez,Saint Michael Medical,(063) 235-4915,kevinwolfe@example.com,Endocrinology,NH,Sullivan
Tristan Roberts,Clark University Medical,(485) 759-1907,nwood@example.com,Oncology,WI,Clark
Karen Oneal,WY University Medical,(485) 654-9640,ronniehenry@example.org,Neurology,WY,Carbon
Bradley Baldwin,OH Baptist Medical,(157) 201-0370,sabrina03@example.org,Orthopedics,OH,Tuscarawas
Richard Riggs,Coos Medical Center,(452) 260-9549,stephanie38@example.com,Pulmonology,NH,Coos
Rebekah Adkins,AL Health System,(935) 144-2307,hillian@example.net,Pulmonology,AL,Washington
Jesus Green,Lamar Regional,(008) 053-7540,masontammy@example.com,Oncology,AL,Lamar
Diana Hall,Choctaw Baptist Medical,(383) 747-0189,spencerreeves@example.net,Cardiology,AL,Choctaw
Anthony Andrews,Eau Claire Health System,(820) 429-9340,edward39@example.com,Dermatology,WI,Eau Claire
Rebecca Mckinney,OH Community,(287) 146-4156,ucollins@example.net,Cardiology,OH,Summit
Tyler Edwards,Shelby Baptist Medical,(734) 758-2993,gallegosdebra@example.net,Pediatrics,AL,Shelby
Cheryl Robinson,OH Memorial,(883) 394-4925,charles92@example.com,Psychiatry,OH,Carroll
Lauren Matthews,Holmes Regional,(570) 840-4914,mariareynolds@example.org,Endocrinology,OH,Holmes
Jacob Griffin,Johnson University Medical,(873) 943-4973,emilyfarrell@example.net,Gastroenterology,WY,Johnson
Christopher Hernandez,AL Regional,(860) 391-4493,katherine03@example.net,Orthopedics,AL,Tuscaloosa
Dawn Simmons,Stark Regional,(104) 358-1190,sean49@example.com,Pulmonology,OH,Stark
Jose Alvarez,Saint Francis Medical,(343) 788-2966,ewong@example.org,Pediatrics,NH,Rockingham
